,Date,Close,SMA,Decision,Cash Balance,Shares Held,Total Value
0,2013-11-07,44.9,,,0.0,222.71714922048997,10000.0
1,2013-11-08,41.65,,,0.0,222.71714922048997,9276.169265033406
2,2013-11-11,42.9,,,0.0,222.71714922048997,9554.565701559019
3,2013-11-12,41.9,,,0.0,222.71714922048997,9331.84855233853
4,2013-11-13,42.6,,,0.0,222.71714922048997,9487.750556792873
5,2013-11-14,44.69,,,0.0,222.71714922048997,9953.229398663696
6,2013-11-15,43.98,,,0.0,222.71714922048997,9795.100222717148
7,2013-11-18,41.14,,,0.0,222.71714922048997,9162.583518930958
8,2013-11-19,41.75,,,0.0,222.71714922048997,9298.440979955456
9,2013-11-20,41.05,,,0.0,222.71714922048997,9142.538975501113
10,2013-11-21,42.06,,,0.0,222.71714922048997,9367.483296213808
11,2013-11-22,41.0,,,0.0,222.71714922048997,9131.403118040089
12,2013-11-25,39.06,,,0.0,222.71714922048997,8699.33184855234
13,2013-11-26,40.18,,,0.0,222.71714922048997,8948.775055679287
14,2013-11-27,40.9,,,0.0,222.71714922048997,9109.131403118039
15,2013-11-29,41.57,,,0.0,222.71714922048997,9258.351893095769
16,2013-12-02,40.78,,,0.0,222.71714922048997,9082.40534521158
17,2013-12-03,41.37,,,0.0,222.71714922048997,9213.80846325167
18,2013-12-04,43.69,,,0.0,222.71714922048997,9730.512249443207
19,2013-12-05,45.62,,,0.0,222.71714922048997,10160.356347438752
20,2013-12-06,44.95,,,0.0,222.71714922048997,10011.135857461024
21,2013-12-09,49.14,,,0.0,222.71714922048997,10944.320712694878
22,2013-12-10,51.99,,,0.0,222.71714922048997,11579.064587973275
23,2013-12-11,52.34,,,0.0,222.71714922048997,11657.015590200446
24,2013-12-12,55.33,,,0.0,222.71714922048997,12322.93986636971
25,2013-12-13,59.0,,,0.0,222.71714922048997,13140.311804008908
26,2013-12-16,56.61,,,0.0,222.71714922048997,12608.017817371938
27,2013-12-17,56.45,,,0.0,222.71714922048997,12572.38307349666
28,2013-12-18,55.51,,,0.0,222.71714922048997,12363.028953229397
29,2013-12-19,57.49,46.05333333333333,-1.0,12804.00890868597,0.0,12804.00890868597
30,2013-12-20,60.01,46.556999999999995,-1.0,12804.00890868597,0.0,12804.00890868597
31,2013-12-23,64.54,47.319999999999986,-1.0,12804.00890868597,0.0,12804.00890868597
32,2013-12-24,69.96,48.22199999999999,-1.0,12804.00890868597,0.0,12804.00890868597
33,2013-12-26,73.31,49.268999999999984,-1.0,12804.00890868597,0.0,12804.00890868597
34,2013-12-27,63.75,49.97399999999998,-1.0,12804.00890868597,0.0,12804.00890868597
35,2013-12-30,60.51,50.501333333333314,-1.0,12804.00890868597,0.0,12804.00890868597
36,2013-12-31,63.65,51.15699999999999,-1.0,12804.00890868597,0.0,12804.00890868597
37,2014-01-02,67.5,52.03566666666665,-1.0,12804.00890868597,0.0,12804.00890868597
38,2014-01-03,69.0,52.94399999999998,-1.0,12804.00890868597,0.0,12804.00890868597
39,2014-01-06,66.29,53.78533333333332,-1.0,12804.00890868597,0.0,12804.00890868597
40,2014-01-07,61.46,54.43199999999999,-1.0,12804.00890868597,0.0,12804.00890868597
41,2014-01-08,59.29,55.04166666666665,-1.0,12804.00890868597,0.0,12804.00890868597
42,2014-01-09,57.05,55.64133333333332,0.0,12804.00890868597,0.0,12804.00890868597
43,2014-01-10,57.0,56.201999999999984,0.0,12804.00890868597,0.0,12804.00890868597
44,2014-01-13,57.82,56.76599999999998,0.0,12804.00890868597,0.0,12804.00890868597
45,2014-01-14,58.21,57.32066666666665,0.0,12804.00890868597,0.0,12804.00890868597
46,2014-01-15,61.57,58.013666666666644,-1.0,12804.00890868597,0.0,12804.00890868597
47,2014-01-16,60.57,58.653666666666645,0.0,12804.00890868597,0.0,12804.00890868597
48,2014-01-17,62.2,59.27066666666665,0.0,12804.00890868597,0.0,12804.00890868597
49,2014-01-21,62.53,59.83433333333332,0.0,12804.00890868597,0.0,12804.00890868597
50,2014-01-22,62.44,60.41733333333332,0.0,12804.00890868597,0.0,12804.00890868597
51,2014-01-23,62.8,60.872666666666646,0.0,12804.00890868597,0.0,12804.00890868597
52,2014-01-24,61.74,61.19766666666665,0.0,12804.00890868597,0.0,12804.00890868597
53,2014-01-27,57.91,61.38333333333332,1.0,0.0,221.1018633860468,12804.00890868597
54,2014-01-28,60.44,61.55366666666666,0.0,0.0,221.1018633860468,13363.396623052668
55,2014-01-29,59.45,61.56866666666666,0.0,0.0,221.1018633860468,13144.505778300483
56,2014-01-30,63.47,61.79733333333333,0.0,0.0,221.1018633860468,14033.335269112391
57,2014-01-31,64.5,62.06566666666666,0.0,0.0,221.1018633860468,14261.07018840002
58,2014-02-03,65.25,62.390333333333324,0.0,0.0,221.1018633860468,14426.896585939554
59,2014-02-04,66.32,62.68466666666666,-1.0,14663.475579762622,0.0,14663.475579762622
60,2014-02-05,65.97,62.883333333333326,0.0,14663.475579762622,0.0,14663.475579762622
61,2014-02-06,50.03,62.39966666666666,1.0,0.0,293.0936554020112,14663.475579762622
62,2014-02-07,54.35,61.87933333333332,1.0,0.0,293.0936554020112,15929.64017109931
63,2014-02-10,52.92,61.19966666666666,1.0,0.0,293.0936554020112,15510.516243874434
64,2014-02-11,54.0,60.87466666666666,1.0,0.0,293.0936554020112,15827.057391708606
65,2014-02-12,56.85,60.752666666666656,1.0,0.0,293.0936554020112,16662.37430960434
66,2014-02-13,56.47,60.51333333333332,1.0,0.0,293.0936554020112,16550.99872055157
67,2014-02-14,57.44,60.17799999999999,0.0,0.0,293.0936554020112,16835.299566291524
68,2014-02-18,58.18,59.81733333333332,0.0,0.0,293.0936554020112,17052.188871289014
69,2014-02-19,55.5,59.45766666666666,1.0,0.0,293.0936554020112,16266.697874811623
70,2014-02-20,56.63,59.29666666666666,0.0,0.0,293.0936554020112,16597.893705415896
71,2014-02-21,55.92,59.184333333333335,1.0,0.0,293.0936554020112,16389.79721008047
72,2014-02-24,55.78,59.142,1.0,0.0,293.0936554020112,16348.764098324187
73,2014-02-25,54.96,59.074,1.0,0.0,293.0936554020112,16108.427300894537
74,2014-02-26,55.87,59.009,1.0,0.0,293.0936554020112,16375.142527310367
75,2014-02-27,55.77,58.92766666666667,1.0,0.0,293.0936554020112,16345.833161770166
76,2014-02-28,54.91,58.705666666666666,1.0,0.0,293.0936554020112,16093.772618124436
77,2014-03-03,53.71,58.477000000000004,1.0,0.0,293.0936554020112,15742.060231642023
78,2014-03-04,54.28,58.213,1.0,0.0,293.0936554020112,15909.12361522117
79,2014-03-05,54.38,57.94133333333334,1.0,0.0,293.0936554020112,15938.43298076137
80,2014-03-06,54.83,57.68766666666667,0.0,0.0,293.0936554020112,16070.325125692274
81,2014-03-07,53.53,57.37866666666667,1.0,0.0,293.0936554020112,15689.303373669662
82,2014-03-10,53.88,57.116666666666674,1.0,0.0,293.0936554020112,15791.886153060366
83,2014-03-11,54.02,56.987,1.0,0.0,293.0936554020112,15832.919264816646
84,2014-03-12,54.5,56.789,0.0,0.0,293.0936554020112,15973.604219409612
85,2014-03-13,53.57,56.592999999999996,1.0,0.0,293.0936554020112,15701.02711988574
86,2014-03-14,51.92,56.208,1.0,0.0,293.0936554020112,15217.422588472424
87,2014-03-17,52.05,55.793,1.0,0.0,293.0936554020112,15255.524763674683
88,2014-03-18,51.13,55.32233333333333,1.0,0.0,293.0936554020112,14985.878600704835
89,2014-03-19,51.24,54.81966666666667,1.0,0.0,293.0936554020112,15018.118902799055
90,2014-03-20,50.12,54.291333333333334,1.0,0.0,293.0936554020112,14689.854008748802
91,2014-03-21,50.92,54.321000000000005,1.0,0.0,293.0936554020112,14924.328933070412
92,2014-03-24,48.77,54.135000000000005,1.0,0.0,293.0936554020112,14294.177573956089
93,2014-03-25,47.88,53.967000000000006,1.0,0.0,293.0936554020112,14033.324220648297
94,2014-03-26,44.43,53.64800000000001,1.0,0.0,293.0936554020112,13022.151109511358
95,2014-03-27,46.32,53.29700000000001,1.0,0.0,293.0936554020112,13576.09811822116
96,2014-03-28,47.3,52.991333333333344,1.0,0.0,293.0936554020112,13863.32990051513
97,2014-03-31,46.67,52.63233333333334,1.0,0.0,293.0936554020112,13678.680897611865
98,2014-04-01,46.98,52.25900000000001,1.0,0.0,293.0936554020112,13769.539930786486
99,2014-04-02,45.73,51.933333333333344,1.0,0.0,293.0936554020112,13403.172861533973
100,2014-04-03,44.05,51.514,1.0,0.0,293.0936554020112,12910.775520458594
101,2014-04-04,43.14,51.088,1.0,0.0,293.0936554020112,12644.060294042763
102,2014-04-07,42.45,50.643666666666675,1.0,0.0,293.0936554020112,12441.825671815377
103,2014-04-08,41.78,50.20433333333334,1.0,0.0,293.0936554020112,12245.45292269603
104,2014-04-09,42.49,49.75833333333334,1.0,0.0,293.0936554020112,12453.549418031458
105,2014-04-10,41.34,49.27733333333334,1.0,0.0,293.0936554020112,12116.491714319145
106,2014-04-11,40.05,48.782000000000004,1.0,0.0,293.0936554020112,11738.400898850548
107,2014-04-14,40.87,48.354,1.0,0.0,293.0936554020112,11978.737696280197
108,2014-04-15,45.52,48.062,1.0,0.0,293.0936554020112,13341.623193899552
109,2014-04-16,44.42,47.73,1.0,0.0,293.0936554020112,13019.220172957339
110,2014-04-17,45.01,47.40266666666666,1.0,0.0,293.0936554020112,13192.145429644524
111,2014-04-21,46.13,47.156,0.0,0.0,293.0936554020112,13520.410323694778
112,2014-04-22,46.02,46.894,0.0,0.0,293.0936554020112,13488.170021600557
113,2014-04-23,45.95,46.625,0.0,0.0,293.0936554020112,13467.653465722417
114,2014-04-24,44.82,46.30233333333333,0.0,0.0,293.0936554020112,13136.457635118142
115,2014-04-25,41.61,45.903666666666666,1.0,0.0,293.0936554020112,12195.627001277688
116,2014-04-28,40.73,45.53066666666666,1.0,0.0,293.0936554020112,11937.704584523915
117,2014-04-29,42.62,45.216333333333324,1.0,0.0,293.0936554020112,12491.651593233717
118,2014-04-30,38.97,44.81099999999999,1.0,0.0,293.0936554020112,11421.859751016376
119,2014-05-01,39.09,44.405999999999985,1.0,0.0,293.0936554020112,11457.03098966462
120,2014-05-02,39.02,44.03599999999999,1.0,0.0,293.0936554020112,11436.514433786479
121,2014-05-05,38.75,43.63033333333332,1.0,0.0,293.0936554020112,11357.379146827934
122,2014-05-06,31.85,43.06633333333332,1.0,0.0,293.0936554020112,9335.032924554058
123,2014-05-07,30.66,42.49233333333332,1.0,0.0,293.0936554020112,8986.251474625664
124,2014-05-08,31.96,42.07666666666665,1.0,0.0,293.0936554020112,9367.273226648278
125,2014-05-09,32.05,41.600999999999985,1.0,0.0,293.0936554020112,9393.65165563446
126,2014-05-12,33.94,41.155666666666654,1.0,0.0,293.0936554020112,9947.598664344261
127,2014-05-13,33.39,40.71299999999999,1.0,0.0,293.0936554020112,9786.397153873155
128,2014-05-14,32.85,40.24199999999998,1.0,0.0,293.0936554020112,9628.12657995607
129,2014-05-15,32.77,39.80999999999998,1.0,0.0,293.0936554020112,9604.67908752391
130,2014-05-16,32.26,39.41699999999999,1.0,0.0,293.0936554020112,9455.201323268882
131,2014-05-19,32.07,39.04799999999998,1.0,0.0,293.0936554020112,9399.5135287425
132,2014-05-20,31.77,38.69199999999998,1.0,0.0,293.0936554020112,9311.585432121896
133,2014-05-21,31.75,38.357666666666645,1.0,0.0,293.0936554020112,9305.723559013857
134,2014-05-22,31.52,37.991999999999976,1.0,0.0,293.0936554020112,9238.312018271394
135,2014-05-23,30.5,37.63066666666665,1.0,0.0,293.0936554020112,8939.356489761341
136,2014-05-27,30.51,37.31266666666665,1.0,0.0,293.0936554020112,8942.287426315363
137,2014-05-28,33.77,37.075999999999986,1.0,0.0,293.0936554020112,9897.77274292592
138,2014-05-29,34.0,36.691999999999986,1.0,0.0,293.0936554020112,9965.18428366838
139,2014-05-30,32.44,36.29266666666665,1.0,0.0,293.0936554020112,9507.958181241243
140,2014-06-02,31.75,35.85066666666665,1.0,0.0,293.0936554020112,9305.723559013857
141,2014-06-03,32.58,35.39899999999998,1.0,0.0,293.0936554020112,9548.991292997525
142,2014-06-04,32.9,34.96166666666665,1.0,0.0,293.0936554020112,9642.781262726168
143,2014-06-05,33.89,34.55966666666665,0.0,0.0,293.0936554020112,9932.94398157416
144,2014-06-06,33.33,34.17666666666665,0.0,0.0,293.0936554020112,9768.811534549033
145,2014-06-09,34.47,33.93866666666665,0.0,0.0,293.0936554020112,10102.938301707327
146,2014-06-10,35.37,33.759999999999984,0.0,0.0,293.0936554020112,10366.722591569136
147,2014-06-11,35.54,33.52399999999998,-1.0,10416.548512987478,0.0,10416.548512987478
148,2014-06-12,36.79,33.45133333333332,-1.0,10416.548512987478,0.0,10416.548512987478
149,2014-06-13,36.9,33.37833333333331,-1.0,10416.548512987478,0.0,10416.548512987478
150,2014-06-16,38.02,33.34499999999998,-1.0,10416.548512987478,0.0,10416.548512987478
151,2014-06-17,38.02,33.32066666666665,-1.0,10416.548512987478,0.0,10416.548512987478
152,2014-06-18,38.74,33.55033333333331,-1.0,10416.548512987478,0.0,10416.548512987478
153,2014-06-19,38.9,33.824999999999974,-1.0,10416.548512987478,0.0,10416.548512987478
154,2014-06-20,39.24,34.067666666666646,-1.0,10416.548512987478,0.0,10416.548512987478
155,2014-06-23,39.52,34.31666666666664,-1.0,10416.548512987478,0.0,10416.548512987478
156,2014-06-24,38.48,34.467999999999975,-1.0,10416.548512987478,0.0,10416.548512987478
157,2014-06-25,39.46,34.67033333333331,-1.0,10416.548512987478,0.0,10416.548512987478
158,2014-06-26,41.44,34.956666666666635,-1.0,10416.548512987478,0.0,10416.548512987478
159,2014-06-27,40.93,35.22866666666664,-1.0,10416.548512987478,0.0,10416.548512987478
160,2014-06-30,40.97,35.51899999999998,-1.0,10416.548512987478,0.0,10416.548512987478
161,2014-07-01,42.05,35.851666666666645,-1.0,10416.548512987478,0.0,10416.548512987478
162,2014-07-02,41.77,36.184999999999974,-1.0,10416.548512987478,0.0,10416.548512987478
163,2014-07-03,41.33,36.50433333333331,-1.0,10416.548512987478,0.0,10416.548512987478
164,2014-07-07,40.23,36.79466666666664,-1.0,10416.548512987478,0.0,10416.548512987478
165,2014-07-08,37.41,37.02499999999998,0.0,10416.548512987478,0.0,10416.548512987478
166,2014-07-09,38.06,37.27666666666664,0.0,10416.548512987478,0.0,10416.548512987478
167,2014-07-10,37.84,37.41233333333331,0.0,10416.548512987478,0.0,10416.548512987478
168,2014-07-11,38.33,37.556666666666636,0.0,10416.548512987478,0.0,10416.548512987478
169,2014-07-14,38.31,37.752333333333304,0.0,10416.548512987478,0.0,10416.548512987478
170,2014-07-15,37.88,37.956666666666635,0.0,10416.548512987478,0.0,10416.548512987478
171,2014-07-16,37.43,38.11833333333331,0.0,10416.548512987478,0.0,10416.548512987478
172,2014-07-17,36.87,38.25066666666664,0.0,10416.548512987478,0.0,10416.548512987478
173,2014-07-18,37.05,38.355999999999966,0.0,10416.548512987478,0.0,10416.548512987478
174,2014-07-21,38.05,38.5133333333333,0.0,10416.548512987478,0.0,10416.548512987478
175,2014-07-22,37.65,38.6193333333333,0.0,10416.548512987478,0.0,10416.548512987478
176,2014-07-23,37.75,38.69866666666664,0.0,10416.548512987478,0.0,10416.548512987478
177,2014-07-24,38.71,38.804333333333304,0.0,10416.548512987478,0.0,10416.548512987478
178,2014-07-25,38.16,38.84999999999998,0.0,10416.548512987478,0.0,10416.548512987478
179,2014-07-28,37.93,38.88433333333331,0.0,10416.548512987478,0.0,10416.548512987478
180,2014-07-29,38.59,38.90333333333331,0.0,10416.548512987478,0.0,10416.548512987478
181,2014-07-30,46.3,39.179333333333304,-1.0,10416.548512987478,0.0,10416.548512987478
182,2014-07-31,45.19,39.39433333333331,-1.0,10416.548512987478,0.0,10416.548512987478
183,2014-08-01,44.13,39.568666666666644,-1.0,10416.548512987478,0.0,10416.548512987478
184,2014-08-04,43.47,39.70966666666664,-1.0,10416.548512987478,0.0,10416.548512987478
185,2014-08-05,43.83,39.85333333333331,-1.0,10416.548512987478,0.0,10416.548512987478
186,2014-08-06,43.46,40.01933333333331,-1.0,10416.548512987478,0.0,10416.548512987478
187,2014-08-07,43.0,40.13733333333331,-1.0,10416.548512987478,0.0,10416.548512987478
188,2014-08-08,43.13,40.193666666666644,-1.0,10416.548512987478,0.0,10416.548512987478
189,2014-08-11,43.27,40.27166666666664,-1.0,10416.548512987478,0.0,10416.548512987478
190,2014-08-12,43.81,40.3663333333333,-1.0,10416.548512987478,0.0,10416.548512987478
191,2014-08-13,44.15,40.43633333333331,-1.0,10416.548512987478,0.0,10416.548512987478
192,2014-08-14,45.33,40.55499999999997,-1.0,10416.548512987478,0.0,10416.548512987478
193,2014-08-15,44.76,40.669333333333306,-1.0,10416.548512987478,0.0,10416.548512987478
194,2014-08-18,45.12,40.8323333333333,-1.0,10416.548512987478,0.0,10416.548512987478
195,2014-08-19,45.09,41.088333333333296,-1.0,10416.548512987478,0.0,10416.548512987478
196,2014-08-20,45.06,41.32166666666663,-1.0,10416.548512987478,0.0,10416.548512987478
197,2014-08-21,45.11,41.563999999999965,-1.0,10416.548512987478,0.0,10416.548512987478
198,2014-08-22,45.98,41.81899999999997,-1.0,10416.548512987478,0.0,10416.548512987478
199,2014-08-25,46.1,42.078666666666635,-1.0,10416.548512987478,0.0,10416.548512987478
200,2014-08-26,48.17,42.42166666666663,-1.0,10416.548512987478,0.0,10416.548512987478
201,2014-08-27,48.06,42.77599999999996,-1.0,10416.548512987478,0.0,10416.548512987478
202,2014-08-28,49.43,43.194666666666635,-1.0,10416.548512987478,0.0,10416.548512987478
203,2014-08-29,49.75,43.61799999999997,-1.0,10416.548512987478,0.0,10416.548512987478
204,2014-09-02,51.02,44.050333333333306,-1.0,10416.548512987478,0.0,10416.548512987478
205,2014-09-03,49.33,44.43966666666663,-1.0,10416.548512987478,0.0,10416.548512987478
206,2014-09-04,50.24,44.855999999999966,-1.0,10416.548512987478,0.0,10416.548512987478
207,2014-09-05,50.7,45.255666666666635,-1.0,10416.548512987478,0.0,10416.548512987478
208,2014-09-08,52.0,45.71699999999996,-1.0,10416.548512987478,0.0,10416.548512987478
209,2014-09-09,50.61,46.13966666666662,-1.0,10416.548512987478,0.0,10416.548512987478
210,2014-09-10,52.91,46.61699999999996,-1.0,10416.548512987478,0.0,10416.548512987478
211,2014-09-11,52.64,46.8283333333333,-1.0,10416.548512987478,0.0,10416.548512987478
212,2014-09-12,52.11,47.05899999999996,-1.0,10416.548512987478,0.0,10416.548512987478
213,2014-09-15,49.38,47.23399999999996,0.0,10416.548512987478,0.0,10416.548512987478
214,2014-09-16,50.83,47.479333333333294,-1.0,10416.548512987478,0.0,10416.548512987478
215,2014-09-17,50.7,47.70833333333329,-1.0,10416.548512987478,0.0,10416.548512987478
216,2014-09-18,50.88,47.95566666666663,-1.0,10416.548512987478,0.0,10416.548512987478
217,2014-09-19,53.0,48.288999999999966,-1.0,10416.548512987478,0.0,10416.548512987478
218,2014-09-22,51.94,48.58266666666663,-1.0,10416.548512987478,0.0,10416.548512987478
219,2014-09-23,52.17,48.8793333333333,-1.0,10416.548512987478,0.0,10416.548512987478
220,2014-09-24,52.96,49.1843333333333,-1.0,10416.548512987478,0.0,10416.548512987478
221,2014-09-25,51.45,49.42766666666663,0.0,10416.548512987478,0.0,10416.548512987478
222,2014-09-26,51.89,49.64633333333331,0.0,10416.548512987478,0.0,10416.548512987478
223,2014-09-29,51.74,49.87899999999998,0.0,10416.548512987478,0.0,10416.548512987478
224,2014-09-30,51.58,50.09433333333331,0.0,10416.548512987478,0.0,10416.548512987478
225,2014-10-01,50.06,50.25999999999998,0.0,10416.548512987478,0.0,10416.548512987478
226,2014-10-02,51.85,50.486333333333306,0.0,10416.548512987478,0.0,10416.548512987478
227,2014-10-03,53.94,50.78066666666665,-1.0,10416.548512987478,0.0,10416.548512987478
228,2014-10-06,53.49,51.03099999999998,0.0,10416.548512987478,0.0,10416.548512987478
229,2014-10-07,53.53,51.278666666666645,0.0,10416.548512987478,0.0,10416.548512987478
230,2014-10-08,55.42,51.52033333333331,-1.0,10416.548512987478,0.0,10416.548512987478
231,2014-10-09,55.29,51.76133333333332,-1.0,10416.548512987478,0.0,10416.548512987478
232,2014-10-10,50.4,51.79366666666665,0.0,10416.548512987478,0.0,10416.548512987478
233,2014-10-13,48.49,51.75166666666665,1.0,0.0,214.81848861595128,10416.548512987478
234,2014-10-14,48.58,51.67033333333332,1.0,0.0,214.81848861595128,10435.882176962912
235,2014-10-15,49.99,51.692333333333316,0.0,0.0,214.81848861595128,10738.776245911406
236,2014-10-16,48.23,51.625333333333316,1.0,0.0,214.81848861595128,10360.69570594733
237,2014-10-17,48.77,51.560999999999986,1.0,0.0,214.81848861595128,10476.697689799945
238,2014-10-20,50.7,51.51766666666665,0.0,0.0,214.81848861595128,10891.29737282873
239,2014-10-21,50.63,51.518333333333324,0.0,0.0,214.81848861595128,10876.260078625613
240,2014-10-22,49.08,51.390666666666654,0.0,0.0,214.81848861595128,10543.29142127089
241,2014-10-23,49.67,51.29166666666665,0.0,0.0,214.81848861595128,10670.0343295543
242,2014-10-24,49.95,51.219666666666654,0.0,0.0,214.81848861595128,10730.183506366768
243,2014-10-27,48.56,51.192333333333316,1.0,0.0,214.81848861595128,10431.585807190595
244,2014-10-28,43.78,50.95733333333332,1.0,0.0,214.81848861595128,9404.753431606347
245,2014-10-29,42.08,50.66999999999998,1.0,0.0,214.81848861595128,9039.56200095923
246,2014-10-30,41.8,50.36733333333331,1.0,0.0,214.81848861595128,8979.412824146762
247,2014-10-31,41.47,49.982999999999976,1.0,0.0,214.81848861595128,8908.522722903499
248,2014-11-03,40.21,49.59199999999998,1.0,0.0,214.81848861595128,8637.8514272474
249,2014-11-04,40.9,49.21633333333331,1.0,0.0,214.81848861595128,8786.076184392407
250,2014-11-05,40.37,48.79666666666664,1.0,0.0,214.81848861595128,8672.222385425952
251,2014-11-06,40.84,48.44299999999997,1.0,0.0,214.81848861595128,8773.187075075452
252,2014-11-07,40.31,48.05699999999997,1.0,0.0,214.81848861595128,8659.333276108997
253,2014-11-10,39.59,47.65199999999996,1.0,0.0,214.81848861595128,8504.663964305511
254,2014-11-11,39.59,47.25233333333329,1.0,0.0,214.81848861595128,8504.663964305511
255,2014-11-12,42.54,47.00166666666663,1.0,0.0,214.81848861595128,9138.378505722567
256,2014-11-13,40.04,46.60799999999996,1.0,0.0,214.81848861595128,8601.332284182688
257,2014-11-14,41.85,46.204999999999956,1.0,0.0,214.81848861595128,8990.15374857756
258,2014-11-17,40.47,45.77099999999996,1.0,0.0,214.81848861595128,8693.704234287548
259,2014-11-18,40.61,45.34033333333329,1.0,0.0,214.81848861595128,8723.778822693781
260,2014-11-19,39.71,44.81666666666662,1.0,0.0,214.81848861595128,8530.442182939425
261,2014-11-20,39.81,44.30066666666662,1.0,0.0,214.81848861595128,8551.924031801022
262,2014-11-21,40.03,43.95499999999995,1.0,0.0,214.81848861595128,8599.18409929653
263,2014-11-24,40.19,43.678333333333285,1.0,0.0,214.81848861595128,8633.555057475081
264,2014-11-25,39.76,43.38433333333329,1.0,0.0,214.81848861595128,8541.183107370223
265,2014-11-26,41.13,43.088999999999956,0.0,0.0,214.81848861595128,8835.484436774077
266,2014-11-28,41.74,42.872666666666625,0.0,0.0,214.81848861595128,8966.523714829807
267,2014-12-01,39.04,42.54833333333329,1.0,0.0,214.81848861595128,8386.513795566738
268,2014-12-02,38.91,42.15533333333329,1.0,0.0,214.81848861595128,8358.587392046664
269,2014-12-03,39.06,41.769666666666616,1.0,0.0,214.81848861595128,8390.810165339057
270,2014-12-04,38.79,41.42666666666662,1.0,0.0,214.81848861595128,8332.80917341275
271,2014-12-05,38.49,41.05399999999995,1.0,0.0,214.81848861595128,8268.363626827966
272,2014-12-08,36.29,40.59866666666662,1.0,0.0,214.81848861595128,7795.762951872872
273,2014-12-09,37.05,40.21499999999995,1.0,0.0,214.81848861595128,7959.025003220994
274,2014-12-10,36.35,39.96733333333328,1.0,0.0,214.81848861595128,7808.6520611898295
275,2014-12-11,36.7,39.78799999999995,1.0,0.0,214.81848861595128,7883.838532205413
276,2014-12-12,37.1,39.63133333333328,1.0,0.0,214.81848861595128,7969.7659276517925
277,2014-12-15,36.85,39.47733333333328,1.0,0.0,214.81848861595128,7916.061305497805
278,2014-12-16,35.13,39.30799999999995,1.0,0.0,214.81848861595128,7546.573505078369
279,2014-12-17,35.57,39.130333333333276,1.0,0.0,214.81848861595128,7641.093640069387
280,2014-12-18,36.73,39.00899999999994,1.0,0.0,214.81848861595128,7890.28308686389
281,2014-12-19,37.08,38.88366666666661,0.0,0.0,214.81848861595128,7965.4695578794735
282,2014-12-22,38.43,38.82099999999995,0.0,0.0,214.81848861595128,8255.474517511007
283,2014-12-23,37.57,38.75366666666662,0.0,0.0,214.81848861595128,8070.730617301289
284,2014-12-24,37.61,38.687666666666615,0.0,0.0,214.81848861595128,8079.323356845927
285,2014-12-26,37.6,38.522999999999946,0.0,0.0,214.81848861595128,8077.175171959769
286,2014-12-29,36.42,38.40233333333329,1.0,0.0,214.81848861595128,7823.689355392946
287,2014-12-30,35.86,38.202666666666616,1.0,0.0,214.81848861595128,7703.391001768013
288,2014-12-31,35.87,38.04933333333328,1.0,0.0,214.81848861595128,7705.539186654172
289,2015-01-02,36.56,37.91433333333328,0.0,0.0,214.81848861595128,7853.763943799179
290,2015-01-05,36.38,37.803333333333285,0.0,0.0,214.81848861595128,7815.096615848308
291,2015-01-06,38.76,37.76833333333329,0.0,0.0,214.81848861595128,8326.36461875427
292,2015-01-07,37.28,37.67666666666662,0.0,0.0,214.81848861595128,8008.433255602664
293,2015-01-08,39.09,37.63999999999995,0.0,0.0,214.81848861595128,8397.254719997536
294,2015-01-09,40.17,37.653666666666616,-1.0,8629.258687702762,0.0,8629.258687702762
295,2015-01-12,39.37,37.59499999999994,0.0,8629.258687702762,0.0,8629.258687702762
296,2015-01-13,39.65,37.52533333333328,-1.0,8629.258687702762,0.0,8629.258687702762
297,2015-01-14,39.85,37.55233333333328,-1.0,8629.258687702762,0.0,8629.258687702762
298,2015-01-15,36.93,37.48633333333328,0.0,8629.258687702762,0.0,8629.258687702762
299,2015-01-16,37.31,37.42799999999995,0.0,8629.258687702762,0.0,8629.258687702762
300,2015-01-20,37.57,37.387333333333274,0.0,8629.258687702762,0.0,8629.258687702762
301,2015-01-21,37.83,37.365333333333275,0.0,8629.258687702762,0.0,8629.258687702762
302,2015-01-22,39.07,37.45799999999994,0.0,8629.258687702762,0.0,8629.258687702762
303,2015-01-23,39.42,37.53699999999994,-1.0,8629.258687702762,0.0,8629.258687702762
304,2015-01-26,40.1,37.66199999999994,-1.0,8629.258687702762,0.0,8629.258687702762
305,2015-01-27,38.92,37.73599999999995,0.0,8629.258687702762,0.0,8629.258687702762
306,2015-01-28,37.15,37.73766666666662,0.0,8629.258687702762,0.0,8629.258687702762
307,2015-01-29,36.68,37.73199999999996,0.0,8629.258687702762,0.0,8629.258687702762
308,2015-01-30,37.53,37.81199999999995,0.0,8629.258687702762,0.0,8629.258687702762
309,2015-02-02,37.46,37.87499999999996,0.0,8629.258687702762,0.0,8629.258687702762
310,2015-02-03,39.79,37.976999999999954,0.0,8629.258687702762,0.0,8629.258687702762
311,2015-02-04,40.72,38.09833333333329,-1.0,8629.258687702762,0.0,8629.258687702762
312,2015-02-05,41.26,38.19266666666662,-1.0,8629.258687702762,0.0,8629.258687702762
313,2015-02-06,48.01,38.540666666666624,-1.0,8629.258687702762,0.0,8629.258687702762
314,2015-02-09,47.32,38.86433333333329,-1.0,8629.258687702762,0.0,8629.258687702762
315,2015-02-10,46.26,39.152999999999956,-1.0,8629.258687702762,0.0,8629.258687702762
316,2015-02-11,47.5,39.52233333333329,-1.0,8629.258687702762,0.0,8629.258687702762
317,2015-02-12,47.95,39.92533333333329,-1.0,8629.258687702762,0.0,8629.258687702762
318,2015-02-13,48.5,40.3463333333333,-1.0,8629.258687702762,0.0,8629.258687702762
319,2015-02-17,48.03,40.72866666666663,-1.0,8629.258687702762,0.0,8629.258687702762
320,2015-02-18,47.82,41.109999999999964,-1.0,8629.258687702762,0.0,8629.258687702762
321,2015-02-19,48.7,41.4413333333333,-1.0,8629.258687702762,0.0,8629.258687702762
322,2015-02-20,49.11,41.835666666666626,-1.0,8629.258687702762,0.0,8629.258687702762
323,2015-02-23,48.47,42.1483333333333,-1.0,8629.258687702762,0.0,8629.258687702762
324,2015-02-24,48.69,42.4323333333333,-1.0,8629.258687702762,0.0,8629.258687702762
325,2015-02-25,48.55,42.7383333333333,-1.0,8629.258687702762,0.0,8629.258687702762
326,2015-02-26,49.41,43.063666666666634,-1.0,8629.258687702762,0.0,8629.258687702762
327,2015-02-27,48.08,43.337999999999965,-1.0,8629.258687702762,0.0,8629.258687702762
328,2015-03-02,48.15,43.71199999999997,-1.0,8629.258687702762,0.0,8629.258687702762
329,2015-03-03,47.71,44.05866666666664,-1.0,8629.258687702762,0.0,8629.258687702762
330,2015-03-04,47.57,44.39199999999997,-1.0,8629.258687702762,0.0,8629.258687702762
331,2015-03-05,47.35,44.709333333333305,-1.0,8629.258687702762,0.0,8629.258687702762
332,2015-03-06,46.75,44.965333333333305,0.0,8629.258687702762,0.0,8629.258687702762
333,2015-03-09,47.59,45.237666666666634,-1.0,8629.258687702762,0.0,8629.258687702762
334,2015-03-10,45.84,45.42899999999997,0.0,8629.258687702762,0.0,8629.258687702762
335,2015-03-11,46.27,45.673999999999964,0.0,8629.258687702762,0.0,8629.258687702762
336,2015-03-12,47.07,46.00466666666662,0.0,8629.258687702762,0.0,8629.258687702762
337,2015-03-13,46.66,46.33733333333329,0.0,8629.258687702762,0.0,8629.258687702762
338,2015-03-16,46.43,46.633999999999965,0.0,8629.258687702762,0.0,8629.258687702762
339,2015-03-17,46.93,46.94966666666663,0.0,8629.258687702762,0.0,8629.258687702762
340,2015-03-18,47.2,47.19666666666663,0.0,8629.258687702762,0.0,8629.258687702762
341,2015-03-19,47.93,47.43699999999997,0.0,8629.258687702762,0.0,8629.258687702762
342,2015-03-20,48.44,47.676333333333304,0.0,8629.258687702762,0.0,8629.258687702762
343,2015-03-23,48.46,47.691333333333304,0.0,8629.258687702762,0.0,8629.258687702762
344,2015-03-24,51.47,47.82966666666664,-1.0,8629.258687702762,0.0,8629.258687702762
345,2015-03-25,49.5,47.93766666666664,0.0,8629.258687702762,0.0,8629.258687702762
346,2015-03-26,49.92,48.01833333333331,0.0,8629.258687702762,0.0,8629.258687702762
347,2015-03-27,50.01,48.086999999999975,0.0,8629.258687702762,0.0,8629.258687702762
348,2015-03-30,49.89,48.13333333333331,0.0,8629.258687702762,0.0,8629.258687702762
349,2015-03-31,50.08,48.20166666666664,0.0,8629.258687702762,0.0,8629.258687702762
350,2015-04-01,50.47,48.28999999999998,0.0,8629.258687702762,0.0,8629.258687702762
351,2015-04-02,50.42,48.34733333333331,0.0,8629.258687702762,0.0,8629.258687702762
352,2015-04-06,50.84,48.40499999999998,-1.0,8629.258687702762,0.0,8629.258687702762
353,2015-04-07,52.87,48.55166666666664,-1.0,8629.258687702762,0.0,8629.258687702762
354,2015-04-08,52.3,48.671999999999976,-1.0,8629.258687702762,0.0,8629.258687702762
355,2015-04-09,52.17,48.79266666666664,-1.0,8629.258687702762,0.0,8629.258687702762
356,2015-04-10,51.94,48.876999999999974,-1.0,8629.258687702762,0.0,8629.258687702762
357,2015-04-13,51.62,48.994999999999976,-1.0,8629.258687702762,0.0,8629.258687702762
358,2015-04-14,51.2,49.09666666666664,0.0,8629.258687702762,0.0,8629.258687702762
359,2015-04-15,51.3,49.2163333333333,0.0,8629.258687702762,0.0,8629.258687702762
360,2015-04-16,52.03,49.364999999999974,-1.0,8629.258687702762,0.0,8629.258687702762
361,2015-04-17,50.66,49.47533333333331,0.0,8629.258687702762,0.0,8629.258687702762
362,2015-04-20,51.4,49.63033333333331,0.0,8629.258687702762,0.0,8629.258687702762
363,2015-04-21,51.32,49.754666666666644,0.0,8629.258687702762,0.0,8629.258687702762
364,2015-04-22,51.73,49.950999999999986,0.0,8629.258687702762,0.0,8629.258687702762
365,2015-04-23,51.41,50.12233333333332,0.0,8629.258687702762,0.0,8629.258687702762
366,2015-04-24,50.82,50.24733333333332,0.0,8629.258687702762,0.0,8629.258687702762
367,2015-04-27,51.66,50.41399999999999,0.0,8629.258687702762,0.0,8629.258687702762
368,2015-04-28,42.27,50.275333333333315,1.0,0.0,204.14617193524396,8629.258687702762
369,2015-04-29,38.49,49.993999999999986,1.0,0.0,204.14617193524396,7857.58615778754
370,2015-04-30,38.96,49.71933333333332,1.0,0.0,204.14617193524396,7953.534858597105
371,2015-05-01,37.84,49.382999999999974,1.0,0.0,204.14617193524396,7724.891146029632
372,2015-05-04,37.88,49.03099999999998,1.0,0.0,204.14617193524396,7733.056992907042
373,2015-05-05,37.42,48.66299999999998,1.0,0.0,204.14617193524396,7639.14975381683
374,2015-05-06,37.26,48.189333333333316,1.0,0.0,204.14617193524396,7606.486366307189
375,2015-05-07,37.71,47.796333333333315,1.0,0.0,204.14617193524396,7698.35214367805
376,2015-05-08,37.59,47.38533333333331,1.0,0.0,204.14617193524396,7673.854603045821
377,2015-05-11,37.31,46.961999999999975,1.0,0.0,204.14617193524396,7616.693674903952
378,2015-05-12,37.48,46.548333333333304,1.0,0.0,204.14617193524396,7651.398524132943
379,2015-05-13,37.72,46.136333333333305,1.0,0.0,204.14617193524396,7700.393605397402
380,2015-05-14,37.33,45.6983333333333,1.0,0.0,204.14617193524396,7620.776598342656
381,2015-05-15,37.1,45.2543333333333,1.0,0.0,204.14617193524396,7573.822978797551
382,2015-05-18,37.28,44.8023333333333,1.0,0.0,204.14617193524396,7610.569289745895
383,2015-05-19,37.5,44.28999999999997,1.0,0.0,204.14617193524396,7655.4814475716485
384,2015-05-20,36.78,43.77266666666664,1.0,0.0,204.14617193524396,7508.4962037782725
385,2015-05-21,36.68,43.2563333333333,1.0,0.0,204.14617193524396,7488.081586584748
386,2015-05-22,36.6,42.74499999999997,1.0,0.0,204.14617193524396,7471.749892829929
387,2015-05-26,36.51,42.2413333333333,1.0,0.0,204.14617193524396,7453.376737355757
388,2015-05-27,36.41,41.748333333333306,1.0,0.0,204.14617193524396,7432.962120162232
389,2015-05-28,36.83,41.26599999999997,1.0,0.0,204.14617193524396,7518.703512375035
390,2015-05-29,36.67,40.75399999999998,1.0,0.0,204.14617193524396,7486.040124865396
391,2015-06-01,36.63,40.28633333333331,1.0,0.0,204.14617193524396,7477.874277987987
392,2015-06-02,36.4,39.78633333333331,1.0,0.0,204.14617193524396,7430.920658442879
393,2015-06-03,37.0,39.308999999999976,1.0,0.0,204.14617193524396,7553.408361604026
394,2015-06-04,36.71,38.80833333333331,1.0,0.0,204.14617193524396,7494.205971742806
395,2015-06-05,37.0,38.327999999999975,0.0,0.0,204.14617193524396,7553.408361604026
396,2015-06-08,36.46,37.84933333333331,0.0,0.0,204.14617193524396,7443.169428758994
397,2015-06-09,35.88,37.32333333333331,0.0,0.0,204.14617193524396,7324.764649036553
398,2015-06-10,35.85,37.10933333333331,0.0,0.0,204.14617193524396,7318.640263878496
399,2015-06-11,35.84,37.02099999999997,0.0,0.0,204.14617193524396,7316.598802159144
400,2015-06-12,35.9,36.918999999999976,0.0,0.0,204.14617193524396,7328.847572475258
401,2015-06-15,34.67,36.81333333333331,1.0,0.0,204.14617193524396,7077.747780994909
402,2015-06-16,34.82,36.71133333333331,1.0,0.0,204.14617193524396,7108.3697067851945
403,2015-06-17,34.69,36.620333333333306,1.0,0.0,204.14617193524396,7081.8307044336125
404,2015-06-18,34.66,36.53366666666664,1.0,0.0,204.14617193524396,7075.706319275555
405,2015-06-19,35.86,36.47199999999997,0.0,0.0,204.14617193524396,7320.6817255978485
406,2015-06-22,35.55,36.403999999999975,0.0,0.0,204.14617193524396,7257.396412297922
407,2015-06-23,35.37,36.33933333333331,0.0,0.0,204.14617193524396,7220.650101349578
408,2015-06-24,35.17,36.26233333333331,0.0,0.0,204.14617193524396,7179.82086696253
409,2015-06-25,35.17,36.17733333333331,0.0,0.0,204.14617193524396,7179.82086696253
410,2015-06-26,35.26,36.10833333333331,0.0,0.0,204.14617193524396,7198.194022436702
411,2015-06-29,34.21,36.01199999999998,1.0,0.0,204.14617193524396,6983.840541904696
412,2015-06-30,36.22,35.97666666666665,0.0,0.0,204.14617193524396,7394.174347494536
413,2015-07-01,35.4,35.90666666666665,0.0,0.0,204.14617193524396,7226.774486507636
414,2015-07-02,35.72,35.87133333333332,0.0,0.0,204.14617193524396,7292.101261526914
415,2015-07-06,35.43,35.829666666666654,0.0,0.0,204.14617193524396,7232.898871665693
416,2015-07-07,35.52,35.79366666666666,0.0,0.0,204.14617193524396,7251.272027139866
417,2015-07-08,34.76,35.73533333333332,0.0,0.0,204.14617193524396,7096.120936469079
418,2015-07-09,34.36,35.66699999999999,0.0,0.0,204.14617193524396,7014.4624676949825
419,2015-07-10,34.91,35.60299999999999,0.0,0.0,204.14617193524396,7126.742862259366
420,2015-07-13,35.78,35.573333333333316,0.0,0.0,204.14617193524396,7304.350031843029
421,2015-07-14,36.72,35.57633333333332,0.0,0.0,204.14617193524396,7496.2474334621575
422,2015-07-15,35.66,35.55166666666665,0.0,0.0,204.14617193524396,7279.852491210799
423,2015-07-16,36.1,35.52166666666665,0.0,0.0,204.14617193524396,7369.676806862307
424,2015-07-17,35.67,35.48699999999998,0.0,0.0,204.14617193524396,7281.893952930152
425,2015-07-20,35.81,35.44733333333331,0.0,0.0,204.14617193524396,7310.474417001086
426,2015-07-21,36.63,35.45299999999998,0.0,0.0,204.14617193524396,7477.874277987987
427,2015-07-22,36.09,35.45999999999997,0.0,0.0,204.14617193524396,7367.635345142955
428,2015-07-23,36.19,35.47133333333331,0.0,0.0,204.14617193524396,7388.0499623364785
429,2015-07-24,35.42,35.45733333333332,0.0,0.0,204.14617193524396,7230.857409946341
430,2015-07-27,34.7,35.41733333333332,0.0,0.0,204.14617193524396,7083.872166152966
431,2015-07-28,36.54,35.479666666666645,0.0,0.0,204.14617193524396,7459.501122513814
432,2015-07-29,31.24,35.360333333333315,1.0,0.0,204.14617193524396,6377.526411257021
433,2015-07-30,31.47,35.25299999999998,1.0,0.0,204.14617193524396,6424.480030802127
434,2015-07-31,31.01,35.13133333333332,1.0,0.0,204.14617193524396,6330.572791711916
435,2015-08-03,29.27,34.911666666666655,1.0,0.0,204.14617193524396,5975.35845254459
436,2015-08-04,29.34,34.704666666666654,1.0,0.0,204.14617193524396,5989.648684580057
437,2015-08-05,28.48,34.47499999999999,1.0,0.0,204.14617193524396,5814.082976715748
438,2015-08-06,27.54,34.22066666666665,1.0,0.0,204.14617193524396,5622.185575096619
439,2015-08-07,27.04,33.94966666666666,1.0,0.0,204.14617193524396,5520.1124891289965
440,2015-08-10,29.5,33.75766666666666,1.0,0.0,204.14617193524396,6022.312072089697
441,2015-08-11,29.62,33.60466666666665,1.0,0.0,204.14617193524396,6046.809612721926
442,2015-08-12,29.39,33.37699999999999,1.0,0.0,204.14617193524396,5999.8559931768195
443,2015-08-13,28.54,33.14833333333332,1.0,0.0,204.14617193524396,5826.3317470318625
444,2015-08-14,29.06,32.92633333333332,1.0,0.0,204.14617193524396,5932.4877564381895
445,2015-08-17,29.06,32.713999999999984,1.0,0.0,204.14617193524396,5932.4877564381895
446,2015-08-18,28.3,32.473333333333315,1.0,0.0,204.14617193524396,5777.336665767404
447,2015-08-19,27.61,32.234999999999985,1.0,0.0,204.14617193524396,5636.475807132086
448,2015-08-20,26.0,31.956333333333315,1.0,0.0,204.14617193524396,5307.800470316342
449,2015-08-21,25.87,31.654999999999983,1.0,0.0,204.14617193524396,5281.261467964761
450,2015-08-24,25.17,31.301333333333318,1.0,0.0,204.14617193524396,5138.359147610091
451,2015-08-25,24.38,30.889999999999983,1.0,0.0,204.14617193524396,4977.083671781247
452,2015-08-26,25.03,30.53566666666665,1.0,0.0,204.14617193524396,5109.778683539156
453,2015-08-27,26.46,30.214333333333318,1.0,0.0,204.14617193524396,5401.707709406555
454,2015-08-28,26.83,29.919666666666654,1.0,0.0,204.14617193524396,5477.241793022595
455,2015-08-31,27.79,29.652333333333317,1.0,0.0,204.14617193524396,5673.222118080429
456,2015-09-01,27.03,29.332333333333317,1.0,0.0,204.14617193524396,5518.071027409645
457,2015-09-02,27.82,29.05666666666665,0.0,0.0,204.14617193524396,5679.346503238487
458,2015-09-03,28.3,28.79366666666665,0.0,0.0,204.14617193524396,5777.336665767404
459,2015-09-04,28.15,28.551333333333318,0.0,0.0,204.14617193524396,5746.7147399771175
460,2015-09-08,27.18,28.300666666666647,0.0,0.0,204.14617193524396,5548.69295319993
461,2015-09-09,27.18,27.988666666666646,0.0,0.0,204.14617193524396,5548.69295319993
462,2015-09-10,27.71,27.87099999999998,0.0,0.0,204.14617193524396,5656.89042432561
463,2015-09-11,27.39,27.734999999999978,0.0,0.0,204.14617193524396,5591.563649306332
464,2015-09-14,26.9,27.597999999999978,0.0,0.0,204.14617193524396,5491.532025058063
465,2015-09-15,27.17,27.527999999999977,0.0,0.0,204.14617193524396,5546.651491480578
466,2015-09-16,27.75,27.474999999999977,0.0,0.0,204.14617193524396,5665.05627120302
467,2015-09-17,27.41,27.43933333333331,0.0,0.0,204.14617193524396,5595.646572745037
468,2015-09-18,27.96,27.453333333333312,0.0,0.0,204.14617193524396,5707.926967309421
469,2015-09-21,27.38,27.464666666666645,0.0,0.0,204.14617193524396,5589.522187586979
470,2015-09-22,26.83,27.375666666666646,0.0,0.0,204.14617193524396,5477.241793022595
471,2015-09-23,26.79,27.28133333333331,0.0,0.0,204.14617193524396,5469.075946145185
472,2015-09-24,26.6,27.188333333333315,0.0,0.0,204.14617193524396,5430.288173477489
473,2015-09-25,25.29,27.07999999999998,1.0,0.0,204.14617193524396,5162.856688242319
474,2015-09-28,25.26,26.953333333333315,1.0,0.0,204.14617193524396,5156.732303084263
475,2015-09-29,25.59,26.837666666666653,0.0,0.0,204.14617193524396,5224.100539822893
476,2015-09-30,26.94,26.79233333333332,0.0,0.0,204.14617193524396,5499.697871935472
477,2015-10-01,24.68,26.694666666666652,1.0,0.0,204.14617193524396,5038.327523361821
478,2015-10-02,26.31,26.704999999999984,0.0,0.0,204.14617193524396,5371.085783616269
479,2015-10-05,28.15,26.780999999999985,-1.0,5746.7147399771175,0.0,5746.7147399771175
480,2015-10-06,27.62,26.86266666666665,0.0,5746.7147399771175,0.0,5746.7147399771175
481,2015-10-07,29.83,27.04433333333332,-1.0,5746.7147399771175,0.0,5746.7147399771175
482,2015-10-08,30.32,27.220666666666656,-1.0,5746.7147399771175,0.0,5746.7147399771175
483,2015-10-09,30.85,27.366999999999987,-1.0,5746.7147399771175,0.0,5746.7147399771175
484,2015-10-12,28.75,27.430999999999987,0.0,5746.7147399771175,0.0,5746.7147399771175
485,2015-10-13,29.06,27.47333333333332,-1.0,5746.7147399771175,0.0,5746.7147399771175
486,2015-10-14,29.38,27.551666666666655,-1.0,5746.7147399771175,0.0,5746.7147399771175
487,2015-10-15,29.71,27.614666666666654,-1.0,5746.7147399771175,0.0,5746.7147399771175
488,2015-10-16,31.15,27.709666666666653,-1.0,5746.7147399771175,0.0,5746.7147399771175
489,2015-10-19,30.91,27.801666666666655,-1.0,5746.7147399771175,0.0,5746.7147399771175
490,2015-10-20,30.91,27.925999999999988,-1.0,5746.7147399771175,0.0,5746.7147399771175
491,2015-10-21,29.3,27.996666666666655,0.0,5746.7147399771175,0.0,5746.7147399771175
492,2015-10-22,29.15,28.044666666666654,0.0,5746.7147399771175,0.0,5746.7147399771175
493,2015-10-23,30.28,28.140999999999984,-1.0,5746.7147399771175,0.0,5746.7147399771175
494,2015-10-26,30.89,28.273999999999987,-1.0,5746.7147399771175,0.0,5746.7147399771175
495,2015-10-27,31.34,28.41299999999999,-1.0,5746.7147399771175,0.0,5746.7147399771175
496,2015-10-28,30.87,28.51699999999999,-1.0,5746.7147399771175,0.0,5746.7147399771175
497,2015-10-29,29.06,28.57199999999999,0.0,5746.7147399771175,0.0,5746.7147399771175
498,2015-10-30,28.46,28.588666666666654,0.0,5746.7147399771175,0.0,5746.7147399771175
499,2015-11-02,29.2,28.649333333333324,0.0,5746.7147399771175,0.0,5746.7147399771175
500,2015-11-03,29.13,28.72599999999999,0.0,5746.7147399771175,0.0,5746.7147399771175
501,2015-11-04,29.36,28.811666666666657,0.0,5746.7147399771175,0.0,5746.7147399771175
502,2015-11-05,28.66,28.880333333333322,0.0,5746.7147399771175,0.0,5746.7147399771175
503,2015-11-06,28.28,28.979999999999986,0.0,5746.7147399771175,0.0,5746.7147399771175
504,2015-11-09,27.09,29.04099999999999,1.0,0.0,212.1341727566304,5746.7147399771175
505,2015-11-10,27.05,29.089666666666652,1.0,0.0,212.1341727566304,5738.2293730668525
506,2015-11-11,26.5,29.074999999999985,1.0,0.0,212.1341727566304,5621.555578050706
507,2015-11-12,26.13,29.12333333333332,1.0,0.0,212.1341727566304,5543.065934130752
508,2015-11-13,25.18,29.085666666666654,1.0,0.0,212.1341727566304,5341.538470011953
509,2015-11-16,25.41,28.99433333333332,1.0,0.0,212.1341727566304,5390.329329745979
510,2015-11-17,25.23,28.914666666666655,1.0,0.0,212.1341727566304,5352.145178649785
511,2015-11-18,25.9,28.78366666666665,1.0,0.0,212.1341727566304,5494.275074396727
512,2015-11-19,26.32,28.650333333333318,1.0,0.0,212.1341727566304,5583.371426954512
513,2015-11-20,26.27,28.49766666666665,1.0,0.0,212.1341727566304,5572.76471831668
514,2015-11-23,25.2,28.379333333333317,1.0,0.0,212.1341727566304,5345.7811534670855
515,2015-11-24,25.52,28.26133333333332,1.0,0.0,212.1341727566304,5413.664088749208
516,2015-11-25,26.06,28.150666666666652,1.0,0.0,212.1341727566304,5528.216542037788
517,2015-11-27,25.75,28.01866666666665,1.0,0.0,212.1341727566304,5462.454948483232
518,2015-11-30,25.4,27.826999999999984,1.0,0.0,212.1341727566304,5388.207988018412
519,2015-12-01,25.53,27.647666666666648,1.0,0.0,212.1341727566304,5415.785430476774
520,2015-12-02,25.4,27.463999999999984,1.0,0.0,212.1341727566304,5388.207988018412
521,2015-12-03,25.9,27.35066666666665,1.0,0.0,212.1341727566304,5494.275074396727
522,2015-12-04,25.02,27.212999999999983,1.0,0.0,212.1341727566304,5307.597002370892
523,2015-12-07,24.46,27.018999999999988,1.0,0.0,212.1341727566304,5188.80186562718
524,2015-12-08,24.99,26.822333333333322,1.0,0.0,212.1341727566304,5301.232977188193
525,2015-12-09,24.31,26.587999999999983,1.0,0.0,212.1341727566304,5156.981739713685
526,2015-12-10,25.91,26.42266666666665,0.0,0.0,212.1341727566304,5496.396416124294
527,2015-12-11,24.84,26.281999999999986,1.0,0.0,212.1341727566304,5269.412851274699
528,2015-12-14,24.92,26.163999999999984,0.0,0.0,212.1341727566304,5286.38358509523
529,2015-12-15,23.95,25.988999999999983,1.0,0.0,212.1341727566304,5080.613437521298
530,2015-12-16,24.3,25.82799999999998,1.0,0.0,212.1341727566304,5154.860397986119
531,2015-12-17,23.31,25.626333333333314,1.0,0.0,212.1341727566304,4944.847566957054
532,2015-12-18,22.99,25.437333333333314,1.0,0.0,212.1341727566304,4876.964631674932
533,2015-12-21,22.14,25.23266666666665,1.0,0.0,212.1341727566304,4696.650584831797
534,2015-12-22,22.56,25.081666666666646,1.0,0.0,212.1341727566304,4785.746937389581
535,2015-12-23,22.67,24.935666666666645,1.0,0.0,212.1341727566304,4809.081696392811
536,2015-12-24,22.97,24.81799999999998,1.0,0.0,212.1341727566304,4872.7219482198
537,2015-12-28,22.53,24.69799999999998,1.0,0.0,212.1341727566304,4779.382912206883
538,2015-12-29,22.47,24.60766666666665,1.0,0.0,212.1341727566304,4766.6548618414845
539,2015-12-30,22.23,24.50166666666665,1.0,0.0,212.1341727566304,4715.742660379894
540,2015-12-31,23.14,24.43199999999998,1.0,0.0,212.1341727566304,4908.784757588427
541,2016-01-04,22.56,24.320666666666646,1.0,0.0,212.1341727566304,4785.746937389581
542,2016-01-05,21.92,24.173999999999978,1.0,0.0,212.1341727566304,4649.9810668253385
543,2016-01-06,21.39,24.01133333333331,1.0,0.0,212.1341727566304,4537.549955264324
544,2016-01-07,20.26,23.846666666666643,1.0,0.0,212.1341727566304,4297.838340049332
545,2016-01-08,19.98,23.661999999999978,1.0,0.0,212.1341727566304,4238.440771677475
546,2016-01-11,19.65,23.448333333333313,1.0,0.0,212.1341727566304,4168.436494667787
547,2016-01-12,19.62,23.24399999999998,1.0,0.0,212.1341727566304,4162.072469485089
548,2016-01-13,18.68,23.01999999999998,1.0,0.0,212.1341727566304,3962.6663470938556
549,2016-01-14,19.0,22.802333333333312,1.0,0.0,212.1341727566304,4030.5492823759773
550,2016-01-15,17.94,22.553666666666647,1.0,0.0,212.1341727566304,3805.6870592539494
551,2016-01-19,16.69,22.246666666666652,1.0,0.0,212.1341727566304,3540.5193433081613
552,2016-01-20,17.38,21.991999999999983,1.0,0.0,212.1341727566304,3686.891922510236
553,2016-01-21,17.83,21.770999999999983,1.0,0.0,212.1341727566304,3782.3523002507195
554,2016-01-22,17.84,21.532666666666653,1.0,0.0,212.1341727566304,3784.473641978286
555,2016-01-25,17.02,21.289666666666655,1.0,0.0,212.1341727566304,3610.5236203178492
556,2016-01-26,17.01,20.992999999999988,1.0,0.0,212.1341727566304,3608.4022785902835
557,2016-01-27,16.78,20.72433333333332,1.0,0.0,212.1341727566304,3559.6114188562583
558,2016-01-28,16.49,20.44333333333332,1.0,0.0,212.1341727566304,3498.092508756835
559,2016-01-29,16.8,20.204999999999984,1.0,0.0,212.1341727566304,3563.8541023113908
560,2016-02-01,17.91,19.991999999999983,1.0,0.0,212.1341727566304,3799.3230340712503
561,2016-02-02,16.08,19.750999999999987,1.0,0.0,212.1341727566304,3411.117497926616
562,2016-02-03,16.56,19.53666666666665,1.0,0.0,212.1341727566304,3512.941900849799
563,2016-02-04,16.91,19.362333333333318,1.0,0.0,212.1341727566304,3587.1888613146198
564,2016-02-05,15.72,19.13433333333332,1.0,0.0,212.1341727566304,3334.74919573423
565,2016-02-08,14.9,18.875333333333323,1.0,0.0,212.1341727566304,3160.799174073793
566,2016-02-09,14.4,18.589666666666652,1.0,0.0,212.1341727566304,3054.7320876954777
567,2016-02-10,14.98,18.337999999999987,1.0,0.0,212.1341727566304,3177.7699078943233
568,2016-02-11,14.31,18.065999999999985,1.0,0.0,212.1341727566304,3035.640012147381
569,2016-02-12,15.88,17.85433333333332,1.0,0.0,212.1341727566304,3368.6906633752906
570,2016-02-16,16.36,17.62833333333332,1.0,0.0,212.1341727566304,3470.515066298473
571,2016-02-17,17.46,17.458333333333318,0.0,0.0,212.1341727566304,3703.8626563307666
572,2016-02-18,18.43,17.341999999999985,-1.0,3909.632803904698,0.0,3909.632803904698
573,2016-02-19,18.31,17.239333333333317,-1.0,3909.632803904698,0.0,3909.632803904698
574,2016-02-22,18.3,17.17399999999998,-1.0,3909.632803904698,0.0,3909.632803904698
575,2016-02-23,18.3,17.11799999999998,-1.0,3909.632803904698,0.0,3909.632803904698
576,2016-02-24,18.0,17.06299999999998,-1.0,3909.632803904698,0.0,3909.632803904698
577,2016-02-25,17.59,16.995333333333313,0.0,3909.632803904698,0.0,3909.632803904698
578,2016-02-26,17.94,16.970666666666645,-1.0,3909.632803904698,0.0,3909.632803904698
579,2016-02-29,18.12,16.94133333333331,-1.0,3909.632803904698,0.0,3909.632803904698
580,2016-03-01,17.85,16.938333333333315,-1.0,3909.632803904698,0.0,3909.632803904698
581,2016-03-02,18.54,16.999999999999982,-1.0,3909.632803904698,0.0,3909.632803904698
582,2016-03-03,19.31,17.064333333333316,-1.0,3909.632803904698,0.0,3909.632803904698
583,2016-03-04,19.36,17.115333333333314,-1.0,3909.632803904698,0.0,3909.632803904698
584,2016-03-07,19.17,17.15966666666665,-1.0,3909.632803904698,0.0,3909.632803904698
585,2016-03-08,18.33,17.20333333333332,-1.0,3909.632803904698,0.0,3909.632803904698
586,2016-03-09,17.66,17.224999999999984,0.0,3909.632803904698,0.0,3909.632803904698
587,2016-03-10,16.61,17.21933333333332,0.0,3909.632803904698,0.0,3909.632803904698
588,2016-03-11,16.81,17.229999999999983,0.0,3909.632803904698,0.0,3909.632803904698
589,2016-03-14,17.12,17.240666666666648,0.0,3909.632803904698,0.0,3909.632803904698
590,2016-03-15,16.19,17.183333333333316,1.0,0.0,241.4844227241938,3909.632803904698
591,2016-03-16,16.7,17.203999999999983,0.0,0.0,241.4844227241938,4032.789859494036
592,2016-03-17,16.85,17.213666666666647,0.0,0.0,241.4844227241938,4069.0125229026658
593,2016-03-18,16.85,17.211666666666645,0.0,0.0,241.4844227241938,4069.0125229026658
594,2016-03-21,16.89,17.250666666666643,0.0,0.0,241.4844227241938,4078.6718998116335
595,2016-03-22,16.86,17.315999999999978,0.0,0.0,241.4844227241938,4071.427367129907
596,2016-03-23,16.01,17.369666666666646,1.0,0.0,241.4844227241938,3866.165607814343
597,2016-03-24,15.91,17.400666666666645,1.0,0.0,241.4844227241938,3842.017165541923
598,2016-03-28,15.6,17.44366666666664,1.0,0.0,241.4844227241938,3767.156994497423
599,2016-03-29,15.97,17.446666666666644,1.0,0.0,241.4844227241938,3856.506230905375
600,2016-03-30,16.36,17.446666666666644,1.0,0.0,241.4844227241938,3950.68515576781
601,2016-03-31,16.55,17.41633333333331,0.0,0.0,241.4844227241938,3996.5671960854074
602,2016-04-01,15.98,17.334666666666642,1.0,0.0,241.4844227241938,3858.921075132617
603,2016-04-04,17.09,17.293999999999976,0.0,0.0,241.4844227241938,4126.968784356472
604,2016-04-05,17.05,17.252333333333308,0.0,0.0,241.4844227241938,4117.309407447504
605,2016-04-06,17.26,17.21766666666664,0.0,0.0,241.4844227241938,4168.021136219585
606,2016-04-07,16.98,17.183666666666642,0.0,0.0,241.4844227241938,4100.405497856811
607,2016-04-08,16.65,17.152333333333313,0.0,0.0,241.4844227241938,4020.7156383578263
608,2016-04-11,16.51,17.10466666666665,0.0,0.0,241.4844227241938,3986.9078191764397
609,2016-04-12,16.57,17.05299999999998,0.0,0.0,241.4844227241938,4001.3968845398913
610,2016-04-13,17.37,17.03699999999998,0.0,0.0,241.4844227241938,4194.5844227192465
611,2016-04-14,17.53,17.003333333333313,0.0,0.0,241.4844227241938,4233.221930355117
612,2016-04-15,17.58,16.945666666666643,0.0,0.0,241.4844227241938,4245.296151491327
613,2016-04-18,17.31,16.87733333333331,0.0,0.0,241.4844227241938,4180.0953573557945
614,2016-04-19,16.92,16.802333333333312,0.0,0.0,241.4844227241938,4085.9164324933595
615,2016-04-20,17.4,16.77133333333331,0.0,0.0,241.4844227241938,4201.828955400972
616,2016-04-21,17.51,16.76633333333331,0.0,0.0,241.4844227241938,4228.392241900634
617,2016-04-22,17.23,16.786999999999974,0.0,0.0,241.4844227241938,4160.776603537859
618,2016-04-25,17.09,16.79633333333331,0.0,0.0,241.4844227241938,4126.968784356472
619,2016-04-26,17.75,16.81733333333331,-1.0,4286.34850335444,0.0,4286.34850335444
620,2016-04-27,14.86,16.772999999999975,1.0,0.0,288.44875527284256,4286.34850335444
621,2016-04-28,14.64,16.70433333333331,1.0,0.0,288.44875527284256,4222.889777194415
622,2016-04-29,14.62,16.629999999999974,1.0,0.0,288.44875527284256,4217.120802088958
623,2016-05-02,14.4,16.548333333333307,1.0,0.0,288.44875527284256,4153.662075928933
624,2016-05-03,14.01,16.452333333333307,1.0,0.0,288.44875527284256,4041.167061372524
625,2016-05-04,14.84,16.384999999999973,1.0,0.0,288.44875527284256,4280.5795282489835
626,2016-05-05,14.12,16.32199999999997,1.0,0.0,288.44875527284256,4072.896424452537
627,2016-05-06,14.4,16.271666666666636,1.0,0.0,288.44875527284256,4153.662075928933
628,2016-05-09,14.2,16.22499999999997,1.0,0.0,288.44875527284256,4095.972324874364
629,2016-05-10,14.63,16.1803333333333,1.0,0.0,288.44875527284256,4220.005289641687
630,2016-05-11,14.59,16.1213333333333,1.0,0.0,288.44875527284256,4208.467339430773
631,2016-05-12,14.08,16.038999999999966,1.0,0.0,288.44875527284256,4061.3584742416233
632,2016-05-13,14.1,15.976333333333299,1.0,0.0,288.44875527284256,4067.12744934708
633,2016-05-16,14.29,15.882999999999969,1.0,0.0,288.44875527284256,4121.93271284892
634,2016-05-17,14.34,15.792666666666634,1.0,0.0,288.44875527284256,4136.355150612562
635,2016-05-18,14.14,15.688666666666633,1.0,0.0,288.44875527284256,4078.665399557994
636,2016-05-19,14.15,15.5943333333333,1.0,0.0,288.44875527284256,4081.5498871107225
637,2016-05-20,14.43,15.5203333333333,1.0,0.0,288.44875527284256,4162.315538587118
638,2016-05-23,14.41,15.450333333333301,1.0,0.0,288.44875527284256,4156.546563481661
639,2016-05-24,14.03,15.365666666666634,1.0,0.0,288.44875527284256,4046.936036477981
640,2016-05-25,14.41,15.266999999999967,1.0,0.0,288.44875527284256,4156.546563481661
641,2016-05-26,14.3,15.1593333333333,1.0,0.0,288.44875527284256,4124.817200401649
642,2016-05-27,15.1,15.076666666666634,0.0,0.0,288.44875527284256,4355.5762046199225
643,2016-05-31,15.22,15.00699999999997,0.0,0.0,288.44875527284256,4390.190055252664
644,2016-06-01,15.02,14.943666666666635,0.0,0.0,288.44875527284256,4332.500304198095
645,2016-06-02,15.2,14.870333333333301,0.0,0.0,288.44875527284256,4384.421080147206
646,2016-06-03,15.2,14.793333333333301,0.0,0.0,288.44875527284256,4384.421080147206
647,2016-06-06,15.27,14.727999999999968,0.0,0.0,288.44875527284256,4404.612493016306
648,2016-06-07,15.0,14.658333333333301,0.0,0.0,288.44875527284256,4326.731329092639
649,2016-06-08,14.95,14.564999999999968,0.0,0.0,288.44875527284256,4312.308891328996
650,2016-06-09,14.6,14.556333333333301,0.0,0.0,288.44875527284256,4211.351826983501
651,2016-06-10,14.02,14.535666666666634,0.0,0.0,288.44875527284256,4044.0515489252525
652,2016-06-13,14.55,14.533333333333301,0.0,0.0,288.44875527284256,4196.929389219859
653,2016-06-14,15.36,14.565333333333303,-1.0,4430.572880990861,0.0,4430.572880990861
654,2016-06-15,15.96,14.630333333333303,-1.0,4430.572880990861,0.0,4430.572880990861
655,2016-06-16,15.87,14.664666666666637,-1.0,4430.572880990861,0.0,4430.572880990861
656,2016-06-17,16.1,14.730666666666638,-1.0,4430.572880990861,0.0,4430.572880990861
657,2016-06-20,16.34,14.795333333333303,-1.0,4430.572880990861,0.0,4430.572880990861
658,2016-06-21,16.32,14.86599999999997,-1.0,4430.572880990861,0.0,4430.572880990861
659,2016-06-22,16.13,14.91599999999997,-1.0,4430.572880990861,0.0,4430.572880990861
660,2016-06-23,17.04,14.997666666666639,-1.0,4430.572880990861,0.0,4430.572880990861
661,2016-06-24,16.44,15.076333333333306,-1.0,4430.572880990861,0.0,4430.572880990861
662,2016-06-27,15.84,15.134333333333304,0.0,4430.572880990861,0.0,4430.572880990861
663,2016-06-28,16.42,15.205333333333304,-1.0,4430.572880990861,0.0,4430.572880990861
664,2016-06-29,16.83,15.288333333333304,-1.0,4430.572880990861,0.0,4430.572880990861
665,2016-06-30,16.91,15.380666666666638,-1.0,4430.572880990861,0.0,4430.572880990861
666,2016-07-01,17.28,15.484999999999973,-1.0,4430.572880990861,0.0,4430.572880990861
667,2016-07-05,17.14,15.575333333333305,-1.0,4430.572880990861,0.0,4430.572880990861
668,2016-07-06,17.2,15.668333333333303,-1.0,4430.572880990861,0.0,4430.572880990861
669,2016-07-07,17.37,15.779666666666637,-1.0,4430.572880990861,0.0,4430.572880990861
670,2016-07-08,18.08,15.901999999999969,-1.0,4430.572880990861,0.0,4430.572880990861
671,2016-07-11,17.71,16.015666666666636,-1.0,4430.572880990861,0.0,4430.572880990861
672,2016-07-12,18.1,16.115666666666634,-1.0,4430.572880990861,0.0,4430.572880990861
673,2016-07-13,17.74,16.199666666666634,-1.0,4430.572880990861,0.0,4430.572880990861
674,2016-07-14,17.96,16.297666666666636,-1.0,4430.572880990861,0.0,4430.572880990861
675,2016-07-15,18.08,16.393666666666636,-1.0,4430.572880990861,0.0,4430.572880990861
676,2016-07-18,18.65,16.508666666666635,-1.0,4430.572880990861,0.0,4430.572880990861
677,2016-07-19,18.33,16.610666666666635,-1.0,4430.572880990861,0.0,4430.572880990861
678,2016-07-20,18.56,16.7293333333333,-1.0,4430.572880990861,0.0,4430.572880990861
679,2016-07-21,18.39,16.84399999999997,-1.0,4430.572880990861,0.0,4430.572880990861
680,2016-07-22,18.37,16.969666666666633,-1.0,4430.572880990861,0.0,4430.572880990861
681,2016-07-25,18.65,17.123999999999967,-1.0,4430.572880990861,0.0,4430.572880990861
682,2016-07-26,18.45,17.253999999999966,-1.0,4430.572880990861,0.0,4430.572880990861
683,2016-07-27,15.77,17.26766666666663,1.0,0.0,280.9494534553495,4430.572880990861
684,2016-07-28,16.31,17.279333333333298,1.0,0.0,280.9494534553495,4582.28558585675
685,2016-07-29,16.64,17.304999999999964,0.0,0.0,280.9494534553495,4674.998905497016
686,2016-08-01,16.64,17.322999999999965,0.0,0.0,280.9494534553495,4674.998905497016
687,2016-08-02,16.42,17.32566666666663,1.0,0.0,280.9494534553495,4613.190025736839
688,2016-08-03,17.61,17.36866666666663,0.0,0.0,280.9494534553495,4947.519875348705
689,2016-08-04,18.13,17.435333333333297,0.0,0.0,280.9494534553495,5093.613591145486
690,2016-08-05,18.26,17.475999999999964,0.0,0.0,280.9494534553495,5130.137020094682
691,2016-08-08,18.2,17.53466666666663,0.0,0.0,280.9494534553495,5113.28005288736
692,2016-08-09,18.68,17.6293333333333,-1.0,5248.135790545928,0.0,5248.135790545928
693,2016-08-10,19.04,17.716666666666633,-1.0,5248.135790545928,0.0,5248.135790545928
694,2016-08-11,19.78,17.814999999999962,-1.0,5248.135790545928,0.0,5248.135790545928
695,2016-08-12,19.54,17.90266666666663,-1.0,5248.135790545928,0.0,5248.135790545928
696,2016-08-15,20.86,18.021999999999966,-1.0,5248.135790545928,0.0,5248.135790545928
697,2016-08-16,20.4,18.13066666666663,-1.0,5248.135790545928,0.0,5248.135790545928
698,2016-08-17,20.17,18.229666666666628,-1.0,5248.135790545928,0.0,5248.135790545928
699,2016-08-18,19.0,18.28399999999996,0.0,5248.135790545928,0.0,5248.135790545928
700,2016-08-19,18.98,18.31399999999996,0.0,5248.135790545928,0.0,5248.135790545928
701,2016-08-22,18.55,18.34199999999996,0.0,5248.135790545928,0.0,5248.135790545928
702,2016-08-23,18.69,18.361666666666626,0.0,5248.135790545928,0.0,5248.135790545928
703,2016-08-24,18.25,18.378666666666625,0.0,5248.135790545928,0.0,5248.135790545928
704,2016-08-25,18.32,18.390666666666625,0.0,5248.135790545928,0.0,5248.135790545928
705,2016-08-26,18.3,18.397999999999957,0.0,5248.135790545928,0.0,5248.135790545928
706,2016-08-29,18.47,18.391999999999957,0.0,5248.135790545928,0.0,5248.135790545928
707,2016-08-30,18.38,18.393666666666622,0.0,5248.135790545928,0.0,5248.135790545928
708,2016-08-31,19.21,18.415333333333294,0.0,5248.135790545928,0.0,5248.135790545928
709,2016-09-01,19.5,18.452333333333293,-1.0,5248.135790545928,0.0,5248.135790545928
710,2016-09-02,19.55,18.491666666666625,-1.0,5248.135790545928,0.0,5248.135790545928
711,2016-09-06,19.93,18.53433333333329,-1.0,5248.135790545928,0.0,5248.135790545928
712,2016-09-07,19.87,18.581666666666624,-1.0,5248.135790545928,0.0,5248.135790545928
713,2016-09-08,18.7,18.679333333333293,0.0,5248.135790545928,0.0,5248.135790545928
714,2016-09-09,18.11,18.739333333333295,0.0,5248.135790545928,0.0,5248.135790545928
715,2016-09-12,18.15,18.789666666666626,0.0,5248.135790545928,0.0,5248.135790545928
716,2016-09-13,17.76,18.82699999999996,1.0,0.0,295.503141359568,5248.135790545928
717,2016-09-14,18.08,18.882333333333296,0.0,0.0,295.503141359568,5342.696795780989
718,2016-09-15,18.3,18.905333333333296,0.0,0.0,295.503141359568,5407.707486880095
719,2016-09-16,19.11,18.937999999999963,0.0,0.0,295.503141359568,5647.065031381345
720,2016-09-19,18.36,18.941333333333297,0.0,0.0,295.503141359568,5425.437675361669
721,2016-09-20,18.39,18.947666666666628,0.0,0.0,295.503141359568,5434.3027696024565
722,2016-09-21,18.49,18.941333333333297,0.0,0.0,295.503141359568,5463.853083738412
723,2016-09-22,18.63,18.92766666666663,0.0,0.0,295.503141359568,5505.223523528752
724,2016-09-23,22.62,19.022333333333297,-1.0,6684.281057553429,0.0,6684.281057553429
725,2016-09-26,23.37,19.149999999999967,-1.0,6684.281057553429,0.0,6684.281057553429
726,2016-09-27,23.72,19.2453333333333,-1.0,6684.281057553429,0.0,6684.281057553429
727,2016-09-28,22.96,19.330666666666634,-1.0,6684.281057553429,0.0,6684.281057553429
728,2016-09-29,23.01,19.425333333333302,-1.0,6684.281057553429,0.0,6684.281057553429
729,2016-09-30,23.05,19.5603333333333,-1.0,6684.281057553429,0.0,6684.281057553429
730,2016-10-03,24.0,19.727666666666632,-1.0,6684.281057553429,0.0,6684.281057553429
731,2016-10-04,23.52,19.893333333333302,-1.0,6684.281057553429,0.0,6684.281057553429
732,2016-10-05,24.87,20.0993333333333,-1.0,6684.281057553429,0.0,6684.281057553429
733,2016-10-06,19.87,20.1533333333333,0.0,6684.281057553429,0.0,6684.281057553429
734,2016-10-07,19.85,20.2043333333333,0.0,6684.281057553429,0.0,6684.281057553429
735,2016-10-10,17.56,20.17966666666663,1.0,0.0,380.6538187672796,6684.281057553429
736,2016-10-11,18.0,20.163999999999966,1.0,0.0,380.6538187672796,6851.768737811032
737,2016-10-12,18.05,20.152999999999963,1.0,0.0,380.6538187672796,6870.801428749397
738,2016-10-13,17.79,20.10566666666663,1.0,0.0,380.6538187672796,6771.8314358699035
739,2016-10-14,16.88,20.018333333333295,1.0,0.0,380.6538187672796,6425.436460791679
740,2016-10-17,16.73,19.924333333333298,1.0,0.0,380.6538187672796,6368.338387976587
741,2016-10-18,16.83,19.820999999999966,1.0,0.0,380.6538187672796,6406.403769853315
742,2016-10-19,17.07,19.727666666666632,1.0,0.0,380.6538187672796,6497.760686357463
743,2016-10-20,16.9,19.66766666666663,1.0,0.0,380.6538187672796,6433.049537167024
744,2016-10-21,18.09,19.666999999999966,1.0,0.0,380.6538187672796,6886.027581500088
745,2016-10-24,18.03,19.662999999999965,1.0,0.0,380.6538187672796,6863.188352374051
746,2016-10-25,17.26,19.6463333333333,1.0,0.0,380.6538187672796,6570.084911923246
747,2016-10-26,17.29,19.619999999999962,1.0,0.0,380.6538187672796,6581.504526486264
748,2016-10-27,17.4,19.589999999999964,1.0,0.0,380.6538187672796,6623.376446550664
749,2016-10-28,17.66,19.54166666666663,1.0,0.0,380.6538187672796,6722.346439430157
750,2016-10-31,17.95,19.527999999999963,1.0,0.0,380.6538187672796,6832.736046872668
751,2016-11-01,17.49,19.497999999999966,1.0,0.0,380.6538187672796,6657.635290239719
752,2016-11-02,17.61,19.468666666666632,1.0,0.0,380.6538187672796,6703.313748491793
753,2016-11-03,17.58,19.433666666666632,1.0,0.0,380.6538187672796,6691.894133928774
754,2016-11-04,18.02,19.2803333333333,1.0,0.0,380.6538187672796,6859.381814186378
755,2016-11-07,18.41,19.114999999999963,0.0,0.0,380.6538187672796,7007.836803505617
756,2016-11-08,18.38,18.936999999999962,0.0,0.0,380.6538187672796,6996.417188942598
757,2016-11-09,19.13,18.809333333333296,0.0,0.0,380.6538187672796,7281.907553018058
758,2016-11-10,18.37,18.65466666666663,0.0,0.0,380.6538187672796,6992.610650754927
759,2016-11-11,18.55,18.50466666666663,0.0,0.0,380.6538187672796,7061.128338133037
760,2016-11-14,19.14,18.342666666666627,0.0,0.0,380.6538187672796,7285.714091205731
761,2016-11-15,18.98,18.191333333333297,0.0,0.0,380.6538187672796,7224.809480202966
762,2016-11-16,18.63,17.983333333333295,0.0,0.0,380.6538187672796,7091.580643634418
763,2016-11-17,18.55,17.939333333333295,0.0,0.0,380.6538187672796,7061.128338133037
764,2016-11-18,18.73,17.901999999999962,0.0,0.0,380.6538187672796,7129.646025511147
765,2016-11-21,18.6,17.93666666666663,0.0,0.0,380.6538187672796,7080.161029071401
766,2016-11-22,18.63,17.95766666666663,0.0,0.0,380.6538187672796,7091.580643634418
767,2016-11-23,18.22,17.9633333333333,0.0,0.0,380.6538187672796,6935.512577939833
768,2016-11-25,18.06,17.9723333333333,0.0,0.0,380.6538187672796,6874.607966937068
769,2016-11-28,18.3,18.01966666666663,0.0,0.0,380.6538187672796,6965.964883441216
770,2016-11-29,18.19,18.068333333333296,0.0,0.0,380.6538187672796,6924.0929633768155
771,2016-11-30,18.49,18.12366666666663,0.0,0.0,380.6538187672796,7038.289109006999
772,2016-12-01,18.03,18.155666666666626,0.0,0.0,380.6538187672796,6863.188352374051
773,2016-12-02,17.93,18.18999999999996,0.0,0.0,380.6538187672796,6825.122970497323
774,2016-12-05,18.23,18.194666666666627,0.0,0.0,380.6538187672796,6939.319116127507
775,2016-12-06,18.23,18.201333333333295,0.0,0.0,380.6538187672796,6939.319116127507
776,2016-12-07,19.48,18.275333333333297,-1.0,7415.136389586606,0.0,7415.136389586606
777,2016-12-08,19.64,18.35366666666663,-1.0,7415.136389586606,0.0,7415.136389586606
778,2016-12-09,19.65,18.42866666666663,-1.0,7415.136389586606,0.0,7415.136389586606
779,2016-12-12,18.93,18.47099999999996,0.0,7415.136389586606,0.0,7415.136389586606
780,2016-12-13,19.37,18.518333333333295,0.0,7415.136389586606,0.0,7415.136389586606
781,2016-12-14,18.93,18.566333333333294,0.0,7415.136389586606,0.0,7415.136389586606
782,2016-12-15,18.79,18.605666666666625,0.0,7415.136389586606,0.0,7415.136389586606
783,2016-12-16,18.63,18.640666666666622,0.0,7415.136389586606,0.0,7415.136389586606
784,2016-12-19,18.24,18.647999999999957,0.0,7415.136389586606,0.0,7415.136389586606
785,2016-12-20,17.92,18.63166666666662,0.0,7415.136389586606,0.0,7415.136389586606
786,2016-12-21,17.08,18.588333333333292,1.0,0.0,434.14147480015265,7415.136389586606
787,2016-12-22,16.41,18.497666666666625,1.0,0.0,434.14147480015265,7124.261601470505
788,2016-12-23,16.5,18.43533333333329,1.0,0.0,434.14147480015265,7163.334334202519
789,2016-12-27,16.61,18.370666666666626,1.0,0.0,434.14147480015265,7211.089896430535
790,2016-12-28,16.39,18.278999999999957,1.0,0.0,434.14147480015265,7115.578771974502
791,2016-12-29,16.39,18.192666666666625,1.0,0.0,434.14147480015265,7115.578771974502
792,2016-12-30,16.3,18.114999999999956,1.0,0.0,434.14147480015265,7076.506039242488
793,2017-01-03,16.44,18.044666666666625,1.0,0.0,434.14147480015265,7137.28584571451
794,2017-01-04,16.86,17.982333333333294,1.0,0.0,434.14147480015265,7319.625265130573
795,2017-01-05,17.09,17.93199999999996,0.0,0.0,434.14147480015265,7419.477804334609
796,2017-01-06,17.17,17.88333333333329,0.0,0.0,434.14147480015265,7454.209122318622
797,2017-01-09,17.5,17.85933333333329,0.0,0.0,434.14147480015265,7597.475809002672
798,2017-01-10,17.37,17.836333333333293,0.0,0.0,434.14147480015265,7541.037417278652
799,2017-01-11,17.3,17.802999999999958,0.0,0.0,434.14147480015265,7510.647514042641
800,2017-01-12,17.38,17.775999999999957,0.0,0.0,434.14147480015265,7545.378832026653
801,2017-01-13,17.25,17.734666666666623,0.0,0.0,434.14147480015265,7488.940440302633
802,2017-01-17,16.96,17.69899999999996,0.0,0.0,434.14147480015265,7363.039412610589
803,2017-01-18,17.11,17.671666666666628,0.0,0.0,434.14147480015265,7428.160633830612
804,2017-01-19,16.79,17.623666666666626,0.0,0.0,434.14147480015265,7289.235361894563
805,2017-01-20,16.58,17.568666666666626,1.0,0.0,434.14147480015265,7198.06565218653
806,2017-01-23,16.61,17.47299999999996,0.0,0.0,434.14147480015265,7211.089896430535
807,2017-01-24,16.52,17.36899999999996,0.0,0.0,434.14147480015265,7172.0171636985215
808,2017-01-25,16.73,17.27166666666663,0.0,0.0,434.14147480015265,7263.186873406554
809,2017-01-26,16.81,17.20099999999996,0.0,0.0,434.14147480015265,7297.918191390566
810,2017-01-27,16.57,17.107666666666628,0.0,0.0,434.14147480015265,7193.72423743853
811,2017-01-30,16.94,17.041333333333295,0.0,0.0,434.14147480015265,7354.356583114586
812,2017-01-31,17.62,17.002333333333294,0.0,0.0,434.14147480015265,7649.57278597869
813,2017-02-01,17.24,16.955999999999964,0.0,0.0,434.14147480015265,7484.599025554631
814,2017-02-02,17.78,16.94066666666663,0.0,0.0,434.14147480015265,7719.035421946714
815,2017-02-03,17.61,16.930333333333298,0.0,0.0,434.14147480015265,7645.231371230688
816,2017-02-06,17.93,16.95866666666663,-1.0,7784.156643166737,0.0,7784.156643166737
817,2017-02-07,18.26,17.020333333333294,-1.0,7784.156643166737,0.0,7784.156643166737
818,2017-02-08,18.72,17.094333333333296,-1.0,7784.156643166737,0.0,7784.156643166737
819,2017-02-09,16.41,17.087666666666628,0.0,7784.156643166737,0.0,7784.156643166737
820,2017-02-10,15.58,17.060666666666627,1.0,0.0,499.6249450042835,7784.156643166737
821,2017-02-13,15.81,17.041333333333295,1.0,0.0,499.6249450042835,7899.070380517723
822,2017-02-14,16.52,17.048666666666627,0.0,0.0,499.6249450042835,8253.804091470764
823,2017-02-15,16.74,17.05866666666663,0.0,0.0,499.6249450042835,8363.721579371706
824,2017-02-16,16.35,17.04166666666663,0.0,0.0,499.6249450042835,8168.867850820036
825,2017-02-17,16.62,17.025999999999964,0.0,0.0,499.6249450042835,8303.766585971192
826,2017-02-21,16.42,17.000999999999962,0.0,0.0,499.6249450042835,8203.841596970336
827,2017-02-22,16.08,16.953666666666628,1.0,0.0,499.6249450042835,8033.969115668878
828,2017-02-23,16.03,16.90899999999996,1.0,0.0,499.6249450042835,8008.987868418665
829,2017-02-24,15.98,16.864999999999963,1.0,0.0,499.6249450042835,7984.006621168451
830,2017-02-27,16.06,16.820999999999962,0.0,0.0,499.6249450042835,8023.976616768793
831,2017-02-28,15.77,16.77166666666663,1.0,0.0,499.6249450042835,7879.085382717551
832,2017-03-01,15.79,16.732666666666628,1.0,0.0,499.6249450042835,7889.077881617636
833,2017-03-02,15.79,16.68866666666663,1.0,0.0,499.6249450042835,7889.077881617636
834,2017-03-03,15.75,16.65399999999996,1.0,0.0,499.6249450042835,7869.092883817465
835,2017-03-06,15.56,16.619999999999962,1.0,0.0,499.6249450042835,7774.164144266651
836,2017-03-07,15.18,16.572333333333297,1.0,0.0,499.6249450042835,7584.306665165023
837,2017-03-08,15.24,16.529666666666632,1.0,0.0,499.6249450042835,7614.284161865281
838,2017-03-09,15.22,16.479333333333297,1.0,0.0,499.6249450042835,7604.291662965195
839,2017-03-10,15.12,16.422999999999963,1.0,0.0,499.6249450042835,7554.329168464767
840,2017-03-13,15.21,16.37766666666663,1.0,0.0,499.6249450042835,7599.295413515153
841,2017-03-14,15.32,16.32366666666663,1.0,0.0,499.6249450042835,7654.254157465623
842,2017-03-15,15.03,16.237333333333297,1.0,0.0,499.6249450042835,7509.362923414381
843,2017-03-16,15.19,16.16899999999996,1.0,0.0,499.6249450042835,7589.302914615067
844,2017-03-17,15.08,16.07899999999996,1.0,0.0,499.6249450042835,7534.344170664595
845,2017-03-20,15.09,15.994999999999958,1.0,0.0,499.6249450042835,7539.340420114639
846,2017-03-21,14.54,15.881999999999959,1.0,0.0,499.6249450042835,7264.546700362282
847,2017-03-22,14.98,15.772666666666627,1.0,0.0,499.6249450042835,7484.381676164167
848,2017-03-23,14.93,15.646333333333294,0.0,0.0,499.6249450042835,7459.400428913953
849,2017-03-24,15.14,15.603999999999958,0.0,0.0,499.6249450042835,7564.321667364853
850,2017-03-27,14.99,15.584333333333293,0.0,0.0,499.6249450042835,7489.37792561421
851,2017-03-28,14.94,15.555333333333293,0.0,0.0,499.6249450042835,7464.396678363995
852,2017-03-29,15.04,15.505999999999961,0.0,0.0,499.6249450042835,7514.359172864423
853,2017-03-30,14.92,15.445333333333293,0.0,0.0,499.6249450042835,7454.40417946391
854,2017-03-31,14.95,15.398666666666626,0.0,0.0,499.6249450042835,7469.392927814039
855,2017-04-03,14.84,15.339333333333292,0.0,0.0,499.6249450042835,7414.434183863567
856,2017-04-04,14.69,15.281666666666625,0.0,0.0,499.6249450042835,7339.490442112925
857,2017-04-05,14.53,15.229999999999958,0.0,0.0,499.6249450042835,7259.550450912239
858,2017-04-06,14.39,15.175333333333292,1.0,0.0,499.6249450042835,7189.60295861164
859,2017-04-07,14.29,15.118999999999959,1.0,0.0,499.6249450042835,7139.640464111211
860,2017-04-10,14.36,15.062333333333292,0.0,0.0,499.6249450042835,7174.614210261511
861,2017-04-11,14.31,15.013666666666627,0.0,0.0,499.6249450042835,7149.632963011298
862,2017-04-12,14.42,14.96799999999996,0.0,0.0,499.6249450042835,7204.591706961768
863,2017-04-13,14.3,14.918333333333292,0.0,0.0,499.6249450042835,7144.6367135612545
864,2017-04-17,14.4,14.87333333333329,0.0,0.0,499.6249450042835,7194.5992080616825
865,2017-04-18,14.44,14.835999999999958,0.0,0.0,499.6249450042835,7214.584205861854
866,2017-04-19,14.54,14.814666666666625,0.0,0.0,499.6249450042835,7264.546700362282
867,2017-04-20,14.65,14.794999999999957,0.0,0.0,499.6249450042835,7319.505444312754
868,2017-04-21,14.63,14.77533333333329,0.0,0.0,499.6249450042835,7309.512945412668
869,2017-04-24,14.71,14.761666666666622,0.0,0.0,499.6249450042835,7349.4829410130105
870,2017-04-25,14.66,14.74333333333329,0.0,0.0,499.6249450042835,7324.501693762796
871,2017-04-26,15.82,14.759999999999957,-1.0,7904.066629967765,0.0,7904.066629967765
872,2017-04-27,16.61,14.812666666666624,-1.0,7904.066629967765,0.0,7904.066629967765
873,2017-04-28,16.48,14.855666666666625,-1.0,7904.066629967765,0.0,7904.066629967765
874,2017-05-01,17.54,14.937666666666626,-1.0,7904.066629967765,0.0,7904.066629967765
875,2017-05-02,18.24,15.042666666666628,-1.0,7904.066629967765,0.0,7904.066629967765
876,2017-05-03,18.57,15.17699999999996,-1.0,7904.066629967765,0.0,7904.066629967765
877,2017-05-04,18.48,15.293666666666628,-1.0,7904.066629967765,0.0,7904.066629967765
878,2017-05-05,18.69,15.41899999999996,-1.0,7904.066629967765,0.0,7904.066629967765
879,2017-05-08,18.31,15.524666666666628,-1.0,7904.066629967765,0.0,7904.066629967765
880,2017-05-09,18.37,15.637333333333293,-1.0,7904.066629967765,0.0,7904.066629967765
881,2017-05-10,18.54,15.757333333333294,-1.0,7904.066629967765,0.0,7904.066629967765
882,2017-05-11,18.39,15.86899999999996,-1.0,7904.066629967765,0.0,7904.066629967765
883,2017-05-12,18.61,15.99199999999996,-1.0,7904.066629967765,0.0,7904.066629967765
884,2017-05-15,19.23,16.13466666666663,-1.0,7904.066629967765,0.0,7904.066629967765
885,2017-05-16,19.49,16.28966666666663,-1.0,7904.066629967765,0.0,7904.066629967765
886,2017-05-17,18.28,16.409333333333294,-1.0,7904.066629967765,0.0,7904.066629967765
887,2017-05-18,18.51,16.541999999999963,-1.0,7904.066629967765,0.0,7904.066629967765
888,2017-05-19,18.35,16.673999999999964,-1.0,7904.066629967765,0.0,7904.066629967765
889,2017-05-22,18.43,16.811999999999962,-1.0,7904.066629967765,0.0,7904.066629967765
890,2017-05-23,18.15,16.938333333333293,-1.0,7904.066629967765,0.0,7904.066629967765
891,2017-05-24,17.98,17.060666666666627,-1.0,7904.066629967765,0.0,7904.066629967765
892,2017-05-25,17.95,17.178333333333295,0.0,7904.066629967765,0.0,7904.066629967765
893,2017-05-26,18.23,17.309333333333296,-1.0,7904.066629967765,0.0,7904.066629967765
894,2017-05-30,18.43,17.443666666666626,-1.0,7904.066629967765,0.0,7904.066629967765
895,2017-05-31,18.32,17.57299999999996,0.0,7904.066629967765,0.0,7904.066629967765
896,2017-06-01,18.53,17.70599999999996,0.0,7904.066629967765,0.0,7904.066629967765
897,2017-06-02,18.31,17.82799999999996,0.0,7904.066629967765,0.0,7904.066629967765
898,2017-06-05,18.23,17.94799999999996,0.0,7904.066629967765,0.0,7904.066629967765
899,2017-06-06,17.57,18.043333333333294,0.0,7904.066629967765,0.0,7904.066629967765
900,2017-06-07,17.44,18.135999999999964,0.0,7904.066629967765,0.0,7904.066629967765
901,2017-06-08,17.59,18.19499999999996,0.0,7904.066629967765,0.0,7904.066629967765
902,2017-06-09,16.9,18.20466666666663,1.0,0.0,467.69625029395064,7904.066629967765
903,2017-06-12,17.04,18.223333333333294,1.0,0.0,467.69625029395064,7969.544105008918
904,2017-06-13,16.97,18.204333333333295,1.0,0.0,467.69625029395064,7936.805367488342
905,2017-06-14,16.76,18.154999999999962,1.0,0.0,467.69625029395064,7838.589154926613
906,2017-06-15,16.83,18.096999999999962,1.0,0.0,467.69625029395064,7871.327892447189
907,2017-06-16,16.67,18.036666666666626,1.0,0.0,467.69625029395064,7796.496492400158
908,2017-06-19,17.06,17.98233333333329,1.0,0.0,467.69625029395064,7978.898030014798
909,2017-06-20,16.91,17.935666666666624,1.0,0.0,467.69625029395064,7908.743592470705
910,2017-06-21,17.78,17.915999999999954,0.0,0.0,467.69625029395064,8315.639330226442
911,2017-06-22,18.15,17.902999999999956,0.0,0.0,467.69625029395064,8488.686942835204
912,2017-06-23,18.5,17.906666666666624,0.0,0.0,467.69625029395064,8652.380630438087
913,2017-06-26,18.29,17.895999999999955,0.0,0.0,467.69625029395064,8554.164417876356
914,2017-06-27,18.12,17.858999999999956,0.0,0.0,467.69625029395064,8474.656055326386
915,2017-06-28,17.95,17.807666666666623,0.0,0.0,467.69625029395064,8395.147692776414
916,2017-06-29,17.65,17.786666666666623,0.0,0.0,467.69625029395064,8254.838817688229
917,2017-06-30,17.87,17.765333333333288,0.0,0.0,467.69625029395064,8357.731992752899
918,2017-07-03,17.65,17.741999999999955,0.0,0.0,467.69625029395064,8254.838817688229
919,2017-07-05,17.82,17.721666666666625,0.0,0.0,467.69625029395064,8334.347180238201
920,2017-07-06,17.92,17.713999999999956,0.0,0.0,467.69625029395064,8381.116805267597
921,2017-07-07,18.02,17.715333333333287,0.0,0.0,467.69625029395064,8427.88643029699
922,2017-07-10,18.08,17.719666666666622,0.0,0.0,467.69625029395064,8455.948205314628
923,2017-07-11,18.64,17.733333333333288,-1.0,8717.85810547924,0.0,8717.85810547924
924,2017-07-12,19.25,17.760666666666623,-1.0,8717.85810547924,0.0,8717.85810547924
925,2017-07-13,19.32,17.793999999999958,-1.0,8717.85810547924,0.0,8717.85810547924
926,2017-07-14,19.64,17.830999999999957,-1.0,8717.85810547924,0.0,8717.85810547924
927,2017-07-17,19.94,17.885333333333293,-1.0,8717.85810547924,0.0,8717.85810547924
928,2017-07-18,19.98,17.943666666666626,-1.0,8717.85810547924,0.0,8717.85810547924
929,2017-07-19,20.12,18.028666666666627,-1.0,8717.85810547924,0.0,8717.85810547924
930,2017-07-20,20.53,18.13166666666662,-1.0,8717.85810547924,0.0,8717.85810547924
931,2017-07-21,20.11,18.21566666666662,-1.0,8717.85810547924,0.0,8717.85810547924
932,2017-07-24,20.0,18.318999999999956,-1.0,8717.85810547924,0.0,8717.85810547924
933,2017-07-25,19.97,18.416666666666625,-1.0,8717.85810547924,0.0,8717.85810547924
934,2017-07-26,19.61,18.504666666666626,-1.0,8717.85810547924,0.0,8717.85810547924
935,2017-07-27,16.84,18.507333333333293,1.0,0.0,517.6875359548242,8717.85810547924
936,2017-07-28,16.75,18.504666666666626,1.0,0.0,517.6875359548242,8671.266227243304
937,2017-07-31,16.09,18.485333333333294,1.0,0.0,517.6875359548242,8329.592453513122
938,2017-08-01,16.21,18.45699999999996,1.0,0.0,517.6875359548242,8391.7149578277
939,2017-08-02,16.07,18.428999999999967,1.0,0.0,517.6875359548242,8319.238702794024
940,2017-08-03,16.18,18.375666666666632,1.0,0.0,517.6875359548242,8376.184331749055
941,2017-08-04,16.29,18.31366666666663,1.0,0.0,517.6875359548242,8433.129960704086
942,2017-08-07,16.4,18.24366666666663,1.0,0.0,517.6875359548242,8490.075589659116
943,2017-08-08,16.15,18.1723333333333,1.0,0.0,517.6875359548242,8360.65370567041
944,2017-08-09,16.14,18.106333333333296,1.0,0.0,517.6875359548242,8355.476830310863
945,2017-08-10,15.75,18.032999999999962,1.0,0.0,517.6875359548242,8153.5786912884805
946,2017-08-11,15.92,17.975333333333296,1.0,0.0,517.6875359548242,8241.585572400802
947,2017-08-14,16.09,17.91599999999996,1.0,0.0,517.6875359548242,8329.592453513122
948,2017-08-15,15.95,17.8593333333333,1.0,0.0,517.6875359548242,8257.116198479445
949,2017-08-16,16.16,17.803999999999963,1.0,0.0,517.6875359548242,8365.830581029959
950,2017-08-17,15.87,17.73566666666663,1.0,0.0,517.6875359548242,8215.701195603058
951,2017-08-18,15.99,17.667999999999964,1.0,0.0,517.6875359548242,8277.823699917639
952,2017-08-21,16.11,17.6023333333333,1.0,0.0,517.6875359548242,8339.946204232217
953,2017-08-22,16.63,17.5353333333333,1.0,0.0,517.6875359548242,8609.143722928726
954,2017-08-23,16.96,17.458999999999964,0.0,0.0,517.6875359548242,8779.980609793818
955,2017-08-24,16.89,17.377999999999968,0.0,0.0,517.6875359548242,8743.74248227698
956,2017-08-25,16.65,17.2783333333333,0.0,0.0,517.6875359548242,8619.497473647822
957,2017-08-28,16.77,17.172666666666636,0.0,0.0,517.6875359548242,8681.6199779624
958,2017-08-29,16.93,17.070999999999966,0.0,0.0,517.6875359548242,8764.449983715172
959,2017-08-30,16.93,16.964666666666634,0.0,0.0,517.6875359548242,8764.449983715172
960,2017-08-31,16.91,16.843999999999966,0.0,0.0,517.6875359548242,8754.096232996077
961,2017-09-01,16.86,16.73566666666663,0.0,0.0,517.6875359548242,8728.211856198335
962,2017-09-05,16.65,16.623999999999963,0.0,0.0,517.6875359548242,8619.497473647822
963,2017-09-06,16.83,16.5193333333333,0.0,0.0,517.6875359548242,8712.68123011969
964,2017-09-07,17.22,16.439666666666632,0.0,0.0,517.6875359548242,8914.579369142071
965,2017-09-08,17.45,16.459999999999965,-1.0,9033.64750241168,0.0,9033.64750241168
966,2017-09-11,17.66,16.4903333333333,-1.0,9033.64750241168,0.0,9033.64750241168
967,2017-09-12,18.17,16.559666666666633,-1.0,9033.64750241168,0.0,9033.64750241168
968,2017-09-13,18.2,16.625999999999966,-1.0,9033.64750241168,0.0,9033.64750241168
969,2017-09-14,18.21,16.6973333333333,-1.0,9033.64750241168,0.0,9033.64750241168
970,2017-09-15,18.01,16.7583333333333,-1.0,9033.64750241168,0.0,9033.64750241168
971,2017-09-18,17.6,16.801999999999968,0.0,9033.64750241168,0.0,9033.64750241168
972,2017-09-19,17.76,16.8473333333333,-1.0,9033.64750241168,0.0,9033.64750241168
973,2017-09-20,17.62,16.8963333333333,0.0,9033.64750241168,0.0,9033.64750241168
974,2017-09-21,17.58,16.9443333333333,0.0,9033.64750241168,0.0,9033.64750241168
975,2017-09-22,17.61,17.006333333333302,0.0,9033.64750241168,0.0,9033.64750241168
976,2017-09-25,16.98,17.041666666666636,0.0,9033.64750241168,0.0,9033.64750241168
977,2017-09-26,16.59,17.0583333333333,0.0,9033.64750241168,0.0,9033.64750241168
978,2017-09-27,16.95,17.091666666666637,0.0,9033.64750241168,0.0,9033.64750241168
979,2017-09-28,16.85,17.114666666666633,0.0,9033.64750241168,0.0,9033.64750241168
980,2017-09-29,16.87,17.147999999999968,0.0,9033.64750241168,0.0,9033.64750241168
981,2017-10-02,17.09,17.184666666666637,0.0,9033.64750241168,0.0,9033.64750241168
982,2017-10-03,17.59,17.23399999999997,0.0,9033.64750241168,0.0,9033.64750241168
983,2017-10-04,17.75,17.271333333333303,0.0,9033.64750241168,0.0,9033.64750241168
984,2017-10-05,18.25,17.314333333333305,-1.0,9033.64750241168,0.0,9033.64750241168
985,2017-10-06,17.85,17.346333333333305,0.0,9033.64750241168,0.0,9033.64750241168
986,2017-10-09,17.67,17.380333333333304,0.0,9033.64750241168,0.0,9033.64750241168
987,2017-10-10,17.41,17.40166666666664,0.0,9033.64750241168,0.0,9033.64750241168
988,2017-10-11,17.73,17.428333333333303,0.0,9033.64750241168,0.0,9033.64750241168
989,2017-10-12,18.45,17.47899999999997,-1.0,9033.64750241168,0.0,9033.64750241168
990,2017-10-13,18.63,17.536333333333303,-1.0,9033.64750241168,0.0,9033.64750241168
991,2017-10-16,18.33,17.585333333333306,0.0,9033.64750241168,0.0,9033.64750241168
992,2017-10-17,18.28,17.63966666666664,0.0,9033.64750241168,0.0,9033.64750241168
993,2017-10-18,18.02,17.679333333333304,0.0,9033.64750241168,0.0,9033.64750241168
994,2017-10-19,17.89,17.701666666666636,0.0,9033.64750241168,0.0,9033.64750241168
995,2017-10-20,17.87,17.715666666666632,0.0,9033.64750241168,0.0,9033.64750241168
996,2017-10-23,17.37,17.705999999999968,0.0,9033.64750241168,0.0,9033.64750241168
997,2017-10-24,17.25,17.675333333333302,0.0,9033.64750241168,0.0,9033.64750241168
998,2017-10-25,17.15,17.6403333333333,0.0,9033.64750241168,0.0,9033.64750241168
999,2017-10-26,20.31,17.710333333333303,-1.0,9033.64750241168,0.0,9033.64750241168
1000,2017-10-27,21.68,17.832666666666633,-1.0,9033.64750241168,0.0,9033.64750241168
1001,2017-10-30,21.25,17.9543333333333,-1.0,9033.64750241168,0.0,9033.64750241168
1002,2017-10-31,20.62,18.04966666666663,-1.0,9033.64750241168,0.0,9033.64750241168
1003,2017-11-01,20.61,18.1493333333333,-1.0,9033.64750241168,0.0,9033.64750241168
1004,2017-11-02,19.71,18.2203333333333,-1.0,9033.64750241168,0.0,9033.64750241168
1005,2017-11-03,19.9,18.29666666666663,-1.0,9033.64750241168,0.0,9033.64750241168
1006,2017-11-06,19.39,18.376999999999963,-1.0,9033.64750241168,0.0,9033.64750241168
1007,2017-11-07,19.66,18.479333333333294,-1.0,9033.64750241168,0.0,9033.64750241168
1008,2017-11-09,19.9,18.577666666666627,-1.0,9033.64750241168,0.0,9033.64750241168
1009,2017-11-10,20.32,18.693333333333293,-1.0,9033.64750241168,0.0,9033.64750241168
1010,2017-11-13,20.17,18.803333333333292,-1.0,9033.64750241168,0.0,9033.64750241168
1011,2017-11-14,20.05,18.901999999999955,-1.0,9033.64750241168,0.0,9033.64750241168
1012,2017-11-15,19.91,18.979333333333287,0.0,9033.64750241168,0.0,9033.64750241168
1013,2017-11-16,20.36,19.066333333333287,-1.0,9033.64750241168,0.0,9033.64750241168
1014,2017-11-17,20.76,19.149999999999956,-1.0,9033.64750241168,0.0,9033.64750241168
1015,2017-11-20,21.13,19.259333333333288,-1.0,9033.64750241168,0.0,9033.64750241168
1016,2017-11-21,21.88,19.399666666666622,-1.0,9033.64750241168,0.0,9033.64750241168
1017,2017-11-22,22.27,19.56166666666662,-1.0,9033.64750241168,0.0,9033.64750241168
1018,2017-11-24,22.42,19.717999999999954,-1.0,9033.64750241168,0.0,9033.64750241168
1019,2017-11-27,21.82,19.830333333333286,-1.0,9033.64750241168,0.0,9033.64750241168
1020,2017-11-28,21.83,19.936999999999955,-1.0,9033.64750241168,0.0,9033.64750241168
1021,2017-11-29,20.79,20.018999999999952,0.0,9033.64750241168,0.0,9033.64750241168
1022,2017-11-30,20.58,20.09566666666662,0.0,9033.64750241168,0.0,9033.64750241168
1023,2017-12-01,20.71,20.18533333333329,0.0,9033.64750241168,0.0,9033.64750241168
1024,2017-12-04,20.4,20.268999999999956,0.0,9033.64750241168,0.0,9033.64750241168
1025,2017-12-05,20.77,20.365666666666623,0.0,9033.64750241168,0.0,9033.64750241168
1026,2017-12-06,21.09,20.489666666666622,0.0,9033.64750241168,0.0,9033.64750241168
1027,2017-12-07,21.01,20.614999999999956,0.0,9033.64750241168,0.0,9033.64750241168
1028,2017-12-08,21.1,20.746666666666624,0.0,9033.64750241168,0.0,9033.64750241168
1029,2017-12-11,22.05,20.804666666666623,-1.0,9033.64750241168,0.0,9033.64750241168
1030,2017-12-12,21.65,20.803666666666626,0.0,9033.64750241168,0.0,9033.64750241168
1031,2017-12-13,21.66,20.81733333333329,0.0,9033.64750241168,0.0,9033.64750241168
1032,2017-12-14,22.58,20.882666666666626,-1.0,9033.64750241168,0.0,9033.64750241168
1033,2017-12-15,22.23,20.936666666666625,-1.0,9033.64750241168,0.0,9033.64750241168
1034,2017-12-18,24.68,21.102333333333288,-1.0,9033.64750241168,0.0,9033.64750241168
1035,2017-12-19,25.08,21.27499999999996,-1.0,9033.64750241168,0.0,9033.64750241168
1036,2017-12-20,25.2,21.46866666666663,-1.0,9033.64750241168,0.0,9033.64750241168
1037,2017-12-21,25.05,21.648333333333294,-1.0,9033.64750241168,0.0,9033.64750241168
1038,2017-12-22,24.46,21.800333333333295,-1.0,9033.64750241168,0.0,9033.64750241168
1039,2017-12-26,24.26,21.931666666666626,-1.0,9033.64750241168,0.0,9033.64750241168
1040,2017-12-27,24.23,22.06699999999996,-1.0,9033.64750241168,0.0,9033.64750241168
1041,2017-12-28,24.31,22.20899999999996,-1.0,9033.64750241168,0.0,9033.64750241168
1042,2017-12-29,24.01,22.345666666666627,-1.0,9033.64750241168,0.0,9033.64750241168
1043,2018-01-02,24.51,22.483999999999963,-1.0,9033.64750241168,0.0,9033.64750241168
1044,2018-01-03,24.45,22.606999999999964,-1.0,9033.64750241168,0.0,9033.64750241168
1045,2018-01-04,23.99,22.702333333333296,-1.0,9033.64750241168,0.0,9033.64750241168
1046,2018-01-05,24.32,22.783666666666633,-1.0,9033.64750241168,0.0,9033.64750241168
1047,2018-01-08,24.59,22.86099999999997,-1.0,9033.64750241168,0.0,9033.64750241168
1048,2018-01-09,24.17,22.919333333333302,-1.0,9033.64750241168,0.0,9033.64750241168
1049,2018-01-10,24.25,23.000333333333298,-1.0,9033.64750241168,0.0,9033.64750241168
1050,2018-01-11,24.35,23.084333333333298,-1.0,9033.64750241168,0.0,9033.64750241168
1051,2018-01-12,25.41,23.238333333333298,-1.0,9033.64750241168,0.0,9033.64750241168
1052,2018-01-16,24.66,23.374333333333297,-1.0,9033.64750241168,0.0,9033.64750241168
1053,2018-01-17,24.56,23.502666666666627,0.0,9033.64750241168,0.0,9033.64750241168
1054,2018-01-18,24.04,23.62399999999996,0.0,9033.64750241168,0.0,9033.64750241168
1055,2018-01-19,23.66,23.720333333333294,0.0,9033.64750241168,0.0,9033.64750241168
1056,2018-01-22,23.32,23.794666666666625,0.0,9033.64750241168,0.0,9033.64750241168
